,Unnamed: 0,First_Name,Last_Name,player_id,Position,Points,Free_Throw_Percent,Two_Pt_Percent,Three_Pt_Percent,Assists,Rebounds,Offensive_Rebounds,Steals,Personal_Fouls,Flagrant_Fouls,Tech_Fouls,Turnovers,Team,Home_Away,win,Team_points,Min_played,Crowd,Stadium_Cap,game_id,game_date,Player
12,12,Nikola,Jokic,f2625432-3903-4f90-9b0b-2e4f63856bb0,C,29,100.0,50.0,57.1,3,10,1,2,2,0,0,4,Nuggets,1,1,135,42:10,Covid,1200,6541eb3b-eb31-4f6f-a662-94e9d2640c99,2020-08-17T17:30:00+00:00,Nikola Jokic
21,21,Tony,Bradley,6130d33e-5725-4f5d-8f81-76ecd691a5b2,C-F,0,0.0,0.0,0.0,0,9,4,0,1,0,0,2,Jazz,0,0,125,10:50,Covid,1200,6541eb3b-eb31-4f6f-a662-94e9d2640c99,2020-08-17T17:30:00+00:00,Tony Bradley
26,26,Rudy,Gobert,37fbc3a5-0d10-4e22-803b-baa2ea0cdb12,C,17,16.7,72.7,0.0,1,7,4,2,5,0,0,1,Jazz,0,0,125,42:10,Covid,1200,6541eb3b-eb31-4f6f-a662-94e9d2640c99,2020-08-17T17:30:00+00:00,Rudy Gobert
38,38,Chris,Boucher,f01d5d8d-f949-437a-a23f-3835c0939ced,F-C,0,0.0,0.0,0.0,0,1,0,0,0,0,0,0,Raptors,1,1,134,3:02,Covid,8000,221c06a2-6443-400e-a08c-a35ce6091054,2020-08-17T20:00:00+00:00,Chris Boucher
50,50,Jarrett,Allen,a3fff5c7-19b6-4dac-bd75-11b944bea505,C,15,75.0,60.0,0.0,1,12,4,1,3,0,0,4,Nets,0,0,110,33:56,Covid,8000,221c06a2-6443-400e-a08c-a35ce6091054,2020-08-17T20:00:00+00:00,Jarrett Allen
62,62,Jayson,Tatum,98136da3-452f-49dc-a794-1ee9c76443f2,F,32,90.9,50.0,40.0,1,13,3,0,2,0,0,1,Celtics,1,1,109,41:27,Covid,1200,69ebfc6e-d011-4475-ba82-79cb991ebcc8,2020-08-17T22:30:00+00:00,Jayson Tatum
63,63,Kemba,Walker,a35ee8ed-f1db-4f7e-bb17-f823e8ee0b38,G,19,83.3,58.3,0.0,5,1,0,1,2,0,0,1,Celtics,1,1,109,34:42,Covid,1200,69ebfc6e-d011-4475-ba82-79cb991ebcc8,2020-08-17T22:30:00+00:00,Kemba Walker
72,72,Enes,Kanter,5fb038ef-a3bf-4f52-afce-4f5bd074bb88,C,0,0.0,0.0,0.0,3,4,3,0,1,0,0,1,Celtics,1,1,109,8:13,Covid,1200,69ebfc6e-d011-4475-ba82-79cb991ebcc8,2020-08-17T22:30:00+00:00,Enes Kanter
82,82,Joel,Embiid,bf9ad0fd-0cb8-4360-8970-5f1b5cf3fa8d,C,26,75.0,63.6,25.0,1,16,5,2,5,0,0,5,76ers,0,0,101,37:29,Covid,1200,69ebfc6e-d011-4475-ba82-79cb991ebcc8,2020-08-17T22:30:00+00:00,Joel Embiid
91,91,Ben,Simmons,318debd7-dab6-4d4e-8849-03c4c701a7c8,G-F,0,0.0,0.0,0.0,0,0,0,0,0,0,0,0,76ers,0,0,101,00:00,Covid,1200,69ebfc6e-d011-4475-ba82-79cb991ebcc8,2020-08-17T22:30:00+00:00,Ben Simmons
96,96,Ivica,Zubac,2da18268-82d4-4b40-a296-7ceddd435d0b,C,10,0.0,55.6,0.0,1,10,5,0,1,0,0,0,Clippers,1,1,118,22:20,Covid,8000,e1c383ae-8728-4a8d-9d56-7961ca3298d9,2020-08-18T01:00:00+00:00,Ivica Zubac
102,102,Montrezl,Harrell,869c305c-3e1f-49e5-a59b-5f1e03d198f8,F-C,6,50.0,40.0,0.0,0,2,0,0,0,0,0,0,Clippers,1,1,118,14:59,Covid,8000,e1c383ae-8728-4a8d-9d56-7961ca3298d9,2020-08-18T01:00:00+00:00,Montrezl Harrell
103,103,Paul,George,db09f372-9a17-4889-add7-bf8a75ab6da6,G,27,100.0,54.5,36.4,3,2,0,2,4,0,1,3,Clippers,1,1,118,37:28,Covid,8000,e1c383ae-8728-4a8d-9d56-7961ca3298d9,2020-08-18T01:00:00+00:00,Paul George
104,104,Kawhi,Leonard,c12fb587-fc86-471c-8a84-19caf31325ce,F,29,100.0,71.4,14.3,6,12,2,3,3,0,0,3,Clippers,1,1,118,38:16,Covid,8000,e1c383ae-8728-4a8d-9d56-7961ca3298d9,2020-08-18T01:00:00+00:00,Kawhi Leonard
109,109,Luka,Doncic,d2ee92e9-3e72-45eb-b156-2dc5adc1e6f7,G,42,93.3,73.3,33.3,9,7,0,3,4,0,0,11,Mavericks,0,0,110,38:21,Covid,8000,e1c383ae-8728-4a8d-9d56-7961ca3298d9,2020-08-18T01:00:00+00:00,Luka Doncic
122,122,Kristaps,Porzingis,3c5901ef-af1d-441d-aeed-8e0a93cead49,F,14,87.5,40.0,25.0,1,6,0,0,2,0,2,0,Mavericks,0,0,110,19:49,Covid,8000,e1c383ae-8728-4a8d-9d56-7961ca3298d9,2020-08-18T01:00:00+00:00,Kristaps Porzingis
131,131,Giannis,Antetokounmpo,6c60282d-165a-4cba-8e5a-4f2d9d4c5905,F,31,44.4,50.0,42.9,7,17,4,1,5,1,0,5,Bucks,1,0,110,34:28,Covid,1200,28a3252b-c238-4ff6-8fbd-932d33899f98,2020-08-18T17:30:00+00:00,Giannis Antetokounmpo
134,134,Khris,Middleton,4c362eee-6474-40ea-b1b4-d8f917f95175,F,14,66.7,33.3,33.3,4,6,0,1,4,0,0,4,Bucks,1,0,110,31:16,Covid,1200,28a3252b-c238-4ff6-8fbd-932d33899f98,2020-08-18T17:30:00+00:00,Khris Middleton
143,143,Nikola,Vucevic,7366b2b7-5959-4dd9-9204-760e861b3119,C,35,0.0,62.5,62.5,4,14,3,1,3,0,0,5,Magic,0,1,122,36:30,Covid,1200,28a3252b-c238-4ff6-8fbd-932d33899f98,2020-08-18T17:30:00+00:00,Nikola Vucevic
169,169,Domantas,Sabonis,22038780-8c50-4211-a99e-656d983e5207,F-C,0,0.0,0.0,0.0,0,0,0,0,0,0,0,0,Pacers,1,0,101,00:00,Covid,8000,52d0a362-76a4-40f8-a324-6ec097bf1609,2020-08-18T20:00:00+00:00,Domantas Sabonis
182,182,Jimmy,Butler,0e163d44-67a7-4107-9421-5333600166bb,F,28,83.3,46.2,100.0,4,3,0,4,3,0,0,4,Heat,0,1,113,37:00,Covid,8000,52d0a362-76a4-40f8-a324-6ec097bf1609,2020-08-18T20:00:00+00:00,Jimmy Butler
183,183,Bam,Adebayo,11c303dc-540c-4090-8e0c-76c2fb2c125a,C,17,75.0,50.0,0.0,6,10,4,0,2,0,0,0,Heat,0,1,113,34:49,Covid,8000,52d0a362-76a4-40f8-a324-6ec097bf1609,2020-08-18T20:00:00+00:00,Bam Adebayo
194,194,Russell,Westbrook,74a45eed-f2b0-4886-ae71-d04cf7d59528,G,0,0.0,0.0,0.0,0,0,0,0,0,0,0,0,Rockets,1,1,123,00:00,Covid,1200,bc7dd349-0fed-4e0b-9cf0-12bb10df07c7,2020-08-18T22:30:00+00:00,Russell Westbrook
196,196,James,Harden,a52b2c84-9c3d-4d6e-8a3b-10e75d11c2bc,G,37,87.5,66.7,46.2,3,11,2,0,4,0,0,3,Rockets,1,1,123,34:13,Covid,1200,bc7dd349-0fed-4e0b-9cf0-12bb10df07c7,2020-08-18T22:30:00+00:00,James Harden
213,213,Nerlens,Noel,2012f4fd-98e0-4080-98a7-0cfb9de87067,C-F,2,0.0,33.3,0.0,0,1,1,0,4,0,0,0,Thunder,0,0,108,7:49,Covid,1200,bc7dd349-0fed-4e0b-9cf0-12bb10df07c7,2020-08-18T22:30:00+00:00,Nerlens Noel
214,214,Steven,Adams,a208e22a-6b63-45f9-b7c6-bf913a68f3df,C,17,50.0,58.3,0.0,2,12,4,0,2,0,0,1,Thunder,0,0,108,27:36,Covid,1200,bc7dd349-0fed-4e0b-9cf0-12bb10df07c7,2020-08-18T22:30:00+00:00,Steven Adams
215,215,Chris,Paul,942c53e3-7268-44e3-b0a9-fdff55a72c03,G,20,75.0,66.7,37.5,9,10,0,2,4,0,1,4,Thunder,0,0,108,37:13,Covid,1200,bc7dd349-0fed-4e0b-9cf0-12bb10df07c7,2020-08-18T22:30:00+00:00,Chris Paul
229,229,Anthony,Davis,ea8826b8-1f76-4eab-b61e-ffcb176880f3,F,28,70.6,42.1,0.0,1,11,6,2,1,0,0,1,Lakers,1,0,93,39:11,Covid,8000,7893b89c-1262-4be1-b5ba-d9e9b340b0b5,2020-08-19T01:00:00+00:00,Anthony Davis
237,237,LeBron,James,0afbe608-940a-4d5d-a1f7-468718c67d91,F,23,57.1,53.3,20.0,16,17,2,1,1,0,0,4,Lakers,1,0,93,41:03,Covid,8000,7893b89c-1262-4be1-b5ba-d9e9b340b0b5,2020-08-19T01:00:00+00:00,LeBron James
242,242,Damian,Lillard,5382cf43-3a79-4a5a-a7fd-153906fe65dd,G,34,100.0,37.5,46.2,5,5,1,0,1,0,0,3,Trail Blazers,0,1,100,42:42,Covid,8000,7893b89c-1262-4be1-b5ba-d9e9b340b0b5,2020-08-19T01:00:00+00:00,Damian Lillard
247,247,Hassan,Whiteside,3b8024e6-5872-4ceb-b675-415715527776,C,7,25.0,75.0,0.0,0,8,1,0,5,0,0,2,Trail Blazers,0,1,100,25:48,Covid,8000,7893b89c-1262-4be1-b5ba-d9e9b340b0b5,2020-08-19T01:00:00+00:00,Hassan Whiteside
261,261,Chris,Boucher,f01d5d8d-f949-437a-a23f-3835c0939ced,F-C,0,0.0,0.0,0.0,0,0,0,0,0,0,0,0,Raptors,1,1,104,00:00,Covid,1200,77b84897-5168-438e-9404-a9993c2274fd,2020-08-19T17:30:00+00:00,Chris Boucher
272,272,Jarrett,Allen,a3fff5c7-19b6-4dac-bd75-11b944bea505,C,14,66.7,55.6,0.0,5,15,4,0,3,0,0,5,Nets,0,0,99,40:36,Covid,1200,77b84897-5168-438e-9404-a9993c2274fd,2020-08-19T17:30:00+00:00,Jarrett Allen
300,300,Nikola,Jokic,f2625432-3903-4f90-9b0b-2e4f63856bb0,C,28,70.0,47.4,50.0,6,11,5,0,3,0,0,2,Nuggets,1,0,105,31:40,Covid,8000,229c7025-b2d8-4b76-a446-f3b579a40c7d,2020-08-19T20:00:00+00:00,Nikola Jokic
302,302,Rudy,Gobert,37fbc3a5-0d10-4e22-803b-baa2ea0cdb12,C,19,62.5,70.0,0.0,3,7,3,0,5,0,0,1,Jazz,0,1,124,34:14,Covid,8000,229c7025-b2d8-4b76-a446-f3b579a40c7d,2020-08-19T20:00:00+00:00,Rudy Gobert
308,308,Tony,Bradley,6130d33e-5725-4f5d-8f81-76ecd691a5b2,C-F,3,100.0,50.0,0.0,1,7,4,1,0,0,0,0,Jazz,0,1,124,11:23,Covid,8000,229c7025-b2d8-4b76-a446-f3b579a40c7d,2020-08-19T20:00:00+00:00,Tony Bradley
319,319,Jayson,Tatum,98136da3-452f-49dc-a794-1ee9c76443f2,F,33,50.0,50.0,66.7,5,5,1,0,2,0,0,0,Celtics,1,1,128,30:54,Covid,1200,a561267a-6228-4894-8b54-5f209aac65f3,2020-08-19T22:30:00+00:00,Jayson Tatum
331,331,Enes,Kanter,5fb038ef-a3bf-4f52-afce-4f5bd074bb88,C,10,20.0,50.0,100.0,1,9,4,0,3,0,0,0,Celtics,1,1,128,21:40,Covid,1200,a561267a-6228-4894-8b54-5f209aac65f3,2020-08-19T22:30:00+00:00,Enes Kanter
332,332,Kemba,Walker,a35ee8ed-f1db-4f7e-bb17-f823e8ee0b38,G,22,100.0,70.0,16.7,2,4,1,1,1,0,0,0,Celtics,1,1,128,25:48,Covid,1200,a561267a-6228-4894-8b54-5f209aac65f3,2020-08-19T22:30:00+00:00,Kemba Walker
342,342,Ben,Simmons,318debd7-dab6-4d4e-8849-03c4c701a7c8,G-F,0,0.0,0.0,0.0,0,0,0,0,0,0,0,0,76ers,0,0,101,00:00,Covid,1200,a561267a-6228-4894-8b54-5f209aac65f3,2020-08-19T22:30:00+00:00,Ben Simmons
347,347,Joel,Embiid,bf9ad0fd-0cb8-4360-8970-5f1b5cf3fa8d,C,34,92.3,57.9,0.0,3,10,0,0,3,0,0,2,76ers,0,0,101,34:20,Covid,1200,a561267a-6228-4894-8b54-5f209aac65f3,2020-08-19T22:30:00+00:00,Joel Embiid
354,354,Kawhi,Leonard,c12fb587-fc86-471c-8a84-19caf31325ce,F,35,92.9,53.3,33.3,2,10,2,1,2,0,0,3,Clippers,1,0,114,40:48,Covid,8000,0374288f-7ea9-46c0-b678-a45ec8312b4f,2020-08-20T01:00:00+00:00,Kawhi Leonard
358,358,Montrezl,Harrell,869c305c-3e1f-49e5-a59b-5f1e03d198f8,F-C,10,40.0,75.0,0.0,0,2,0,0,3,0,0,2,Clippers,1,0,114,21:45,Covid,8000,0374288f-7ea9-46c0-b678-a45ec8312b4f,2020-08-20T01:00:00+00:00,Montrezl Harrell
359,359,Paul,George,db09f372-9a17-4889-add7-bf8a75ab6da6,G,14,100.0,28.6,20.0,2,10,2,0,4,0,1,2,Clippers,1,0,114,31:35,Covid,8000,0374288f-7ea9-46c0-b678-a45ec8312b4f,2020-08-20T01:00:00+00:00,Paul George
361,361,Ivica,Zubac,2da18268-82d4-4b40-a296-7ceddd435d0b,C,3,50.0,50.0,0.0,0,4,0,0,1,0,0,0,Clippers,1,0,114,18:11,Covid,8000,0374288f-7ea9-46c0-b678-a45ec8312b4f,2020-08-20T01:00:00+00:00,Ivica Zubac
373,373,Kristaps,Porzingis,3c5901ef-af1d-441d-aeed-8e0a93cead49,F,23,75.0,44.4,75.0,0,7,1,0,4,0,0,2,Mavericks,0,1,127,36:11,Covid,8000,0374288f-7ea9-46c0-b678-a45ec8312b4f,2020-08-20T01:00:00+00:00,Kristaps Porzingis
378,378,Luka,Doncic,d2ee92e9-3e72-45eb-b156-2dc5adc1e6f7,G,28,66.7,40.0,57.1,7,8,0,0,5,0,0,1,Mavericks,0,1,127,28:05,Covid,8000,0374288f-7ea9-46c0-b678-a45ec8312b4f,2020-08-20T01:00:00+00:00,Luka Doncic
392,392,Domantas,Sabonis,22038780-8c50-4211-a99e-656d983e5207,F-C,0,0.0,0.0,0.0,0,0,0,0,0,0,0,0,Pacers,1,0,100,00:00,Covid,8000,cd5e08f2-44a5-468d-93d6-a83df550ec69,2020-08-20T17:00:00+00:00,Domantas Sabonis
407,407,Bam,Adebayo,11c303dc-540c-4090-8e0c-76c2fb2c125a,C,7,50.0,42.9,0.0,4,5,0,2,4,0,0,0,Heat,0,1,109,32:13,Covid,8000,cd5e08f2-44a5-468d-93d6-a83df550ec69,2020-08-20T17:00:00+00:00,Bam Adebayo
414,414,Jimmy,Butler,0e163d44-67a7-4107-9421-5333600166bb,F,18,75.0,30.0,66.7,6,7,2,2,0,0,0,5,Heat,0,1,109,37:51,Covid,8000,cd5e08f2-44a5-468d-93d6-a83df550ec69,2020-08-20T17:00:00+00:00,Jimmy Butler
422,422,Russell,Westbrook,74a45eed-f2b0-4886-ae71-d04cf7d59528,G,0,0.0,0.0,0.0,0,0,0,0,0,0,0,0,Rockets,1,1,111,00:00,Covid,8000,171a8e7b-155a-47f7-bb20-fc66ef8681ef,2020-08-20T19:30:00+00:00,Russell Westbrook
425,425,James,Harden,a52b2c84-9c3d-4d6e-8a3b-10e75d11c2bc,G,21,100.0,60.0,18.2,9,5,0,3,4,0,0,0,Rockets,1,1,111,35:48,Covid,8000,171a8e7b-155a-47f7-bb20-fc66ef8681ef,2020-08-20T19:30:00+00:00,James Harden
430,430,Nerlens,Noel,2012f4fd-98e0-4080-98a7-0cfb9de87067,C-F,4,0.0,50.0,0.0,1,9,2,0,1,0,0,0,Thunder,0,0,98,17:49,Covid,8000,171a8e7b-155a-47f7-bb20-fc66ef8681ef,2020-08-20T19:30:00+00:00,Nerlens Noel
439,439,Steven,Adams,a208e22a-6b63-45f9-b7c6-bf913a68f3df,C,8,0.0,100.0,0.0,3,11,3,1,1,0,0,4,Thunder,0,0,98,30:11,Covid,8000,171a8e7b-155a-47f7-bb20-fc66ef8681ef,2020-08-20T19:30:00+00:00,Steven Adams
442,442,Chris,Paul,942c53e3-7268-44e3-b0a9-fdff55a72c03,G,14,0.0,50.0,28.6,2,6,1,0,3,0,0,2,Thunder,0,0,98,36:32,Covid,8000,171a8e7b-155a-47f7-bb20-fc66ef8681ef,2020-08-20T19:30:00+00:00,Chris Paul
450,450,Giannis,Antetokounmpo,6c60282d-165a-4cba-8e5a-4f2d9d4c5905,F,28,87.5,50.0,20.0,5,20,5,0,4,0,0,7,Bucks,1,1,111,31:36,Covid,1200,953f4ffd-cae8-4f49-a8c7-1fd884972323,2020-08-20T22:00:00+00:00,Giannis Antetokounmpo
459,459,Khris,Middleton,4c362eee-6474-40ea-b1b4-d8f917f95175,F,2,0.0,25.0,0.0,6,5,0,1,4,0,0,4,Bucks,1,1,111,30:58,Covid,1200,953f4ffd-cae8-4f49-a8c7-1fd884972323,2020-08-20T22:00:00+00:00,Khris Middleton
474,474,Nikola,Vucevic,7366b2b7-5959-4dd9-9204-760e861b3119,C,32,100.0,73.3,25.0,2,10,2,0,2,0,0,3,Magic,0,0,96,34:52,Covid,1200,953f4ffd-cae8-4f49-a8c7-1fd884972323,2020-08-20T22:00:00+00:00,Nikola Vucevic
493,493,LeBron,James,0afbe608-940a-4d5d-a1f7-468718c67d91,F,10,100.0,50.0,0.0,7,6,0,2,1,0,0,6,Lakers,1,1,111,26:41,Covid,8000,c4c41592-eebe-4221-8805-76df834f80f8,2020-08-21T01:00:00+00:00,LeBron James
494,494,Anthony,Davis,ea8826b8-1f76-4eab-b61e-ffcb176880f3,F,31,100.0,58.8,75.0,3,11,3,1,1,0,0,2,Lakers,1,1,111,29:21,Covid,8000,c4c41592-eebe-4221-8805-76df834f80f8,2020-08-21T01:00:00+00:00,Anthony Davis
500,500,Hassan,Whiteside,3b8024e6-5872-4ceb-b675-415715527776,C,6,66.7,33.3,0.0,0,9,1,1,0,0,0,2,Trail Blazers,0,0,88,21:37,Covid,8000,c4c41592-eebe-4221-8805-76df834f80f8,2020-08-21T01:00:00+00:00,Hassan Whiteside
503,503,Damian,Lillard,5382cf43-3a79-4a5a-a7fd-153906fe65dd,G,18,100.0,71.4,14.3,1,3,0,1,1,0,0,4,Trail Blazers,0,0,88,30:06,Covid,8000,c4c41592-eebe-4221-8805-76df834f80f8,2020-08-21T01:00:00+00:00,Damian Lillard
514,514,Jarrett,Allen,a3fff5c7-19b6-4dac-bd75-11b944bea505,C,4,100.0,0.0,0.0,3,17,5,1,0,0,0,1,Nets,1,0,92,32:30,Covid,1200,96677a07-d4f1-4e5a-859d-2630be07908a,2020-08-21T17:30:00+00:00,Jarrett Allen
536,536,Chris,Boucher,f01d5d8d-f949-437a-a23f-3835c0939ced,F-C,0,0.0,0.0,0.0,0,1,0,0,2,0,0,1,Raptors,0,1,117,5:19,Covid,1200,96677a07-d4f1-4e5a-859d-2630be07908a,2020-08-21T17:30:00+00:00,Chris Boucher
543,543,Tony,Bradley,6130d33e-5725-4f5d-8f81-76ecd691a5b2,C-F,2,100.0,0.0,0.0,0,3,1,1,0,0,0,0,Jazz,1,1,124,7:34,Covid,8000,e3bd4b86-0de5-4b1f-8189-d4156145a95b,2020-08-21T20:00:00+00:00,Tony Bradley
544,544,Rudy,Gobert,37fbc3a5-0d10-4e22-803b-baa2ea0cdb12,C,24,40.0,73.3,0.0,0,14,5,1,3,0,0,1,Jazz,1,1,124,31:42,Covid,8000,e3bd4b86-0de5-4b1f-8189-d4156145a95b,2020-08-21T20:00:00+00:00,Rudy Gobert
571,571,Nikola,Jokic,f2625432-3903-4f90-9b0b-2e4f63856bb0,C,15,50.0,57.1,33.3,6,5,0,0,1,0,0,2,Nuggets,0,0,87,31:42,Covid,8000,e3bd4b86-0de5-4b1f-8189-d4156145a95b,2020-08-21T20:00:00+00:00,Nikola Jokic
573,573,Ben,Simmons,318debd7-dab6-4d4e-8849-03c4c701a7c8,G-F,0,0.0,0.0,0.0,0,0,0,0,0,0,0,0,76ers,1,0,94,00:00,Covid,1200,5e09809a-1b02-403d-9db0-32f1e6f5802a,2020-08-21T22:30:00+00:00,Ben Simmons
586,586,Joel,Embiid,bf9ad0fd-0cb8-4360-8970-5f1b5cf3fa8d,C,30,87.5,33.3,40.0,1,13,4,1,5,0,0,4,76ers,1,0,94,35:24,Covid,1200,5e09809a-1b02-403d-9db0-32f1e6f5802a,2020-08-21T22:30:00+00:00,Joel Embiid
590,590,Kemba,Walker,a35ee8ed-f1db-4f7e-bb17-f823e8ee0b38,G,24,100.0,58.3,37.5,4,8,1,2,1,0,0,1,Celtics,0,1,102,35:10,Covid,1200,5e09809a-1b02-403d-9db0-32f1e6f5802a,2020-08-21T22:30:00+00:00,Kemba Walker
596,596,Jayson,Tatum,98136da3-452f-49dc-a794-1ee9c76443f2,F,15,50.0,40.0,22.2,0,6,1,1,4,0,0,1,Celtics,0,1,102,32:08,Covid,1200,5e09809a-1b02-403d-9db0-32f1e6f5802a,2020-08-21T22:30:00+00:00,Jayson Tatum
597,597,Enes,Kanter,5fb038ef-a3bf-4f52-afce-4f5bd074bb88,C,6,0.0,50.0,0.0,0,6,1,0,3,0,0,1,Celtics,0,1,102,14:21,Covid,1200,5e09809a-1b02-403d-9db0-32f1e6f5802a,2020-08-21T22:30:00+00:00,Enes Kanter
604,604,Kristaps,Porzingis,3c5901ef-af1d-441d-aeed-8e0a93cead49,F,34,100.0,66.7,55.6,1,13,2,0,3,0,0,1,Mavericks,1,0,122,38:21,Covid,8000,afbb143e-4c63-4631-81bf-830368243342,2020-08-22T01:00:00+00:00,Kristaps Porzingis
615,615,Luka,Doncic,d2ee92e9-3e72-45eb-b156-2dc5adc1e6f7,G,13,40.0,37.5,16.7,10,10,2,1,2,0,1,2,Mavericks,1,0,122,29:27,Covid,8000,afbb143e-4c63-4631-81bf-830368243342,2020-08-22T01:00:00+00:00,Luka Doncic
620,620,Kawhi,Leonard,c12fb587-fc86-471c-8a84-19caf31325ce,F,36,90.0,60.0,25.0,8,9,1,2,3,0,0,2,Clippers,0,1,130,38:45,Covid,8000,afbb143e-4c63-4631-81bf-830368243342,2020-08-22T01:00:00+00:00,Kawhi Leonard
621,621,Ivica,Zubac,2da18268-82d4-4b40-a296-7ceddd435d0b,C,15,75.0,75.0,0.0,0,6,3,0,2,0,0,0,Clippers,0,1,130,29:39,Covid,8000,afbb143e-4c63-4631-81bf-830368243342,2020-08-22T01:00:00+00:00,Ivica Zubac
625,625,Montrezl,Harrell,869c305c-3e1f-49e5-a59b-5f1e03d198f8,F-C,13,62.5,80.0,0.0,0,2,1,0,2,0,1,0,Clippers,0,1,130,17:57,Covid,8000,afbb143e-4c63-4631-81bf-830368243342,2020-08-22T01:00:00+00:00,Montrezl Harrell
629,629,Paul,George,db09f372-9a17-4889-add7-bf8a75ab6da6,G,11,100.0,25.0,12.5,7,9,1,2,4,0,0,2,Clippers,0,1,130,37:45,Covid,8000,afbb143e-4c63-4631-81bf-830368243342,2020-08-22T01:00:00+00:00,Paul George
647,647,Nikola,Vucevic,7366b2b7-5959-4dd9-9204-760e861b3119,C,20,100.0,54.5,25.0,2,5,1,2,3,0,0,3,Magic,1,0,107,35:46,Covid,1200,8a4cf3fb-d21e-402d-88ff-545942fa5ba2,2020-08-22T17:00:00+00:00,Nikola Vucevic
660,660,Giannis,Antetokounmpo,6c60282d-165a-4cba-8e5a-4f2d9d4c5905,F,35,75.0,90.9,66.7,7,11,1,2,2,0,0,2,Bucks,0,1,121,30:36,Covid,1200,8a4cf3fb-d21e-402d-88ff-545942fa5ba2,2020-08-22T17:00:00+00:00,Giannis Antetokounmpo
665,665,Khris,Middleton,4c362eee-6474-40ea-b1b4-d8f917f95175,F,17,0.0,40.0,42.9,6,8,1,1,0,0,0,3,Bucks,0,1,121,31:12,Covid,1200,8a4cf3fb-d21e-402d-88ff-545942fa5ba2,2020-08-22T17:00:00+00:00,Khris Middleton
668,668,Bam,Adebayo,11c303dc-540c-4090-8e0c-76c2fb2c125a,C,22,88.9,63.6,0.0,5,11,2,1,3,0,0,6,Heat,1,1,124,33:29,Covid,8000,316c4360-3d16-4e14-8b06-e5f053332122,2020-08-22T19:30:00+00:00,Bam Adebayo
681,681,Jimmy,Butler,0e163d44-67a7-4107-9421-5333600166bb,F,27,85.0,35.7,0.0,4,8,4,3,2,0,0,5,Heat,1,1,124,36:51,Covid,8000,316c4360-3d16-4e14-8b06-e5f053332122,2020-08-22T19:30:00+00:00,Jimmy Butler
688,688,Domantas,Sabonis,22038780-8c50-4211-a99e-656d983e5207,F-C,0,0.0,0.0,0.0,0,0,0,0,0,0,0,0,Pacers,0,0,115,00:00,Covid,8000,316c4360-3d16-4e14-8b06-e5f053332122,2020-08-22T19:30:00+00:00,Domantas Sabonis
706,706,Chris,Paul,942c53e3-7268-44e3-b0a9-fdff55a72c03,G,26,0.0,50.0,66.7,5,6,0,1,5,0,0,4,Thunder,1,1,119,40:50,Covid,1200,abbe06da-325a-4fe1-a39e-b19dac04f745,2020-08-22T22:00:00+00:00,Chris Paul
710,710,Steven,Adams,a208e22a-6b63-45f9-b7c6-bf913a68f3df,C,6,0.0,42.9,0.0,2,13,2,0,4,0,0,3,Thunder,1,1,119,35:27,Covid,1200,abbe06da-325a-4fe1-a39e-b19dac04f745,2020-08-22T22:00:00+00:00,Steven Adams
713,713,Nerlens,Noel,2012f4fd-98e0-4080-98a7-0cfb9de87067,C-F,3,50.0,0.0,0.0,0,2,0,0,3,0,0,0,Thunder,1,1,119,12:48,Covid,1200,abbe06da-325a-4fe1-a39e-b19dac04f745,2020-08-22T22:00:00+00:00,Nerlens Noel
718,718,Russell,Westbrook,74a45eed-f2b0-4886-ae71-d04cf7d59528,G,0,0.0,0.0,0.0,0,0,0,0,0,0,0,0,Rockets,0,0,107,00:00,Covid,1200,abbe06da-325a-4fe1-a39e-b19dac04f745,2020-08-22T22:00:00+00:00,Russell Westbrook
721,721,James,Harden,a52b2c84-9c3d-4d6e-8a3b-10e75d11c2bc,G,38,73.3,64.3,23.1,8,7,0,1,6,0,0,1,Rockets,0,0,107,37:41,Covid,1200,abbe06da-325a-4fe1-a39e-b19dac04f745,2020-08-22T22:00:00+00:00,James Harden
733,733,Damian,Lillard,5382cf43-3a79-4a5a-a7fd-153906fe65dd,G,34,92.9,33.3,45.5,7,5,0,0,0,0,0,4,Trail Blazers,1,0,108,43:12,Covid,8000,d215eb00-02f8-405b-a8ca-00835c0a625c,2020-08-23T00:30:00+00:00,Damian Lillard
734,734,Hassan,Whiteside,3b8024e6-5872-4ceb-b675-415715527776,C,8,100.0,60.0,0.0,0,8,3,0,3,0,0,0,Trail Blazers,1,0,108,25:44,Covid,8000,d215eb00-02f8-405b-a8ca-00835c0a625c,2020-08-23T00:30:00+00:00,Hassan Whiteside
756,756,LeBron,James,0afbe608-940a-4d5d-a1f7-468718c67d91,F,38,70.6,70.0,50.0,8,12,1,2,3,0,0,8,Lakers,0,1,116,34:29,Covid,8000,d215eb00-02f8-405b-a8ca-00835c0a625c,2020-08-23T00:30:00+00:00,LeBron James
759,759,Anthony,Davis,ea8826b8-1f76-4eab-b61e-ffcb176880f3,F,29,50.0,68.8,0.0,8,11,3,2,3,0,0,2,Lakers,0,1,116,40:33,Covid,8000,d215eb00-02f8-405b-a8ca-00835c0a625c,2020-08-23T00:30:00+00:00,Anthony Davis
773,773,Ben,Simmons,318debd7-dab6-4d4e-8849-03c4c701a7c8,G-F,0,0.0,0.0,0.0,0,0,0,0,0,0,0,0,76ers,1,0,106,00:00,Covid,1200,48a1ef22-79d8-4e14-b16e-db994f58c691,2020-08-23T17:00:00+00:00,Ben Simmons
774,774,Joel,Embiid,bf9ad0fd-0cb8-4360-8970-5f1b5cf3fa8d,C,30,72.2,53.8,20.0,0,10,2,3,5,0,0,4,76ers,1,0,106,37:23,Covid,1200,48a1ef22-79d8-4e14-b16e-db994f58c691,2020-08-23T17:00:00+00:00,Joel Embiid
778,778,Kemba,Walker,a35ee8ed-f1db-4f7e-bb17-f823e8ee0b38,G,32,92.3,66.7,44.4,4,4,0,1,4,0,0,2,Celtics,0,1,110,35:33,Covid,1200,48a1ef22-79d8-4e14-b16e-db994f58c691,2020-08-23T17:00:00+00:00,Kemba Walker
786,786,Jayson,Tatum,98136da3-452f-49dc-a794-1ee9c76443f2,F,28,60.0,61.5,40.0,4,15,3,1,1,0,0,1,Celtics,0,1,110,40:27,Covid,1200,48a1ef22-79d8-4e14-b16e-db994f58c691,2020-08-23T17:00:00+00:00,Jayson Tatum
793,793,Enes,Kanter,5fb038ef-a3bf-4f52-afce-4f5bd074bb88,C,6,0.0,50.0,0.0,1,5,3,0,4,0,0,0,Celtics,0,1,110,16:18,Covid,1200,48a1ef22-79d8-4e14-b16e-db994f58c691,2020-08-23T17:00:00+00:00,Enes Kanter
795,795,Kristaps,Porzingis,3c5901ef-af1d-441d-aeed-8e0a93cead49,F,0,0.0,0.0,0.0,0,0,0,0,0,0,0,0,Mavericks,1,1,135,00:00,Covid,8000,f7c27ae7-65ba-4508-ae2c-3b3eb6ac3165,2020-08-23T19:30:00+00:00,Kristaps Porzingis
799,799,Luka,Doncic,d2ee92e9-3e72-45eb-b156-2dc5adc1e6f7,G,43,60.0,66.7,40.0,13,17,1,2,1,0,1,7,Mavericks,1,1,135,45:45,Covid,8000,f7c27ae7-65ba-4508-ae2c-3b3eb6ac3165,2020-08-23T19:30:00+00:00,Luka Doncic
810,810,Ivica,Zubac,2da18268-82d4-4b40-a296-7ceddd435d0b,C,15,100.0,55.6,0.0,1,4,3,0,2,0,0,0,Clippers,0,0,133,21:36,Covid,8000,f7c27ae7-65ba-4508-ae2c-3b3eb6ac3165,2020-08-23T19:30:00+00:00,Ivica Zubac
822,822,Paul,George,db09f372-9a17-4889-add7-bf8a75ab6da6,G,9,100.0,28.6,14.3,3,8,1,1,4,0,0,2,Clippers,0,0,133,45:06,Covid,8000,f7c27ae7-65ba-4508-ae2c-3b3eb6ac3165,2020-08-23T19:30:00+00:00,Paul George
823,823,Montrezl,Harrell,869c305c-3e1f-49e5-a59b-5f1e03d198f8,F-C,2,0.0,50.0,0.0,1,1,0,0,1,0,0,2,Clippers,0,0,133,17:19,Covid,8000,f7c27ae7-65ba-4508-ae2c-3b3eb6ac3165,2020-08-23T19:30:00+00:00,Montrezl Harrell
824,824,Kawhi,Leonard,c12fb587-fc86-471c-8a84-19caf31325ce,F,32,90.0,53.8,33.3,4,9,2,2,3,0,0,2,Clippers,0,0,133,46:32,Covid,8000,f7c27ae7-65ba-4508-ae2c-3b3eb6ac3165,2020-08-23T19:30:00+00:00,Kawhi Leonard
832,832,Jarrett,Allen,a3fff5c7-19b6-4dac-bd75-11b944bea505,C,8,100.0,60.0,0.0,0,15,4,0,1,0,0,1,Nets,1,0,122,25:08,Covid,1200,28946b68-e95f-4347-a8cd-76fdcc69fa7f,2020-08-23T22:30:00+00:00,Jarrett Allen
850,850,Chris,Boucher,f01d5d8d-f949-437a-a23f-3835c0939ced,F-C,3,0.0,0.0,50.0,1,3,0,0,1,0,0,0,Raptors,0,1,150,10:05,Covid,1200,28946b68-e95f-4347-a8cd-76fdcc69fa7f,2020-08-23T22:30:00+00:00,Chris Boucher
857,857,Rudy,Gobert,37fbc3a5-0d10-4e22-803b-baa2ea0cdb12,C,17,75.0,87.5,0.0,1,11,3,0,5,0,0,2,Jazz,1,1,129,39:21,Covid,8000,3338271d-7862-4171-bd89-356ac386b319,2020-08-24T01:00:00+00:00,Rudy Gobert
861,861,Tony,Bradley,6130d33e-5725-4f5d-8f81-76ecd691a5b2,C-F,2,50.0,0.0,0.0,0,3,1,0,0,0,0,0,Jazz,1,1,129,8:39,Covid,8000,3338271d-7862-4171-bd89-356ac386b319,2020-08-24T01:00:00+00:00,Tony Bradley
888,888,Nikola,Jokic,f2625432-3903-4f90-9b0b-2e4f63856bb0,C,29,100.0,64.3,30.0,6,7,3,0,3,0,0,2,Nuggets,0,0,127,39:20,Covid,8000,3338271d-7862-4171-bd89-356ac386b319,2020-08-24T01:00:00+00:00,Nikola Jokic
889,889,Nikola,Vucevic,7366b2b7-5959-4dd9-9204-760e861b3119,C,31,100.0,50.0,60.0,7,11,1,0,3,0,0,1,Magic,1,0,106,38:02,Covid,1200,5de5b159-a948-4df6-88d2-a31bdf603a69,2020-08-24T17:30:00+00:00,Nikola Vucevic
908,908,Khris,Middleton,4c362eee-6474-40ea-b1b4-d8f917f95175,F,21,60.0,25.0,57.1,3,10,1,0,4,0,0,4,Bucks,0,1,121,32:15,Covid,1200,5de5b159-a948-4df6-88d2-a31bdf603a69,2020-08-24T17:30:00+00:00,Khris Middleton
912,912,Giannis,Antetokounmpo,6c60282d-165a-4cba-8e5a-4f2d9d4c5905,F,31,33.3,81.3,20.0,8,15,4,0,4,0,0,2,Bucks,0,1,121,33:36,Covid,1200,5de5b159-a948-4df6-88d2-a31bdf603a69,2020-08-24T17:30:00+00:00,Giannis Antetokounmpo
921,921,Steven,Adams,a208e22a-6b63-45f9-b7c6-bf913a68f3df,C,12,66.7,80.0,0.0,1,8,4,0,1,0,0,3,Thunder,1,1,117,26:19,Covid,8000,748eb188-7327-4ab1-a672-04730c4b18bd,2020-08-24T20:00:00+00:00,Steven Adams
934,934,Nerlens,Noel,2012f4fd-98e0-4080-98a7-0cfb9de87067,C-F,6,66.7,66.7,0.0,1,5,1,0,2,0,0,0,Thunder,1,1,117,15:02,Covid,8000,748eb188-7327-4ab1-a672-04730c4b18bd,2020-08-24T20:00:00+00:00,Nerlens Noel
935,935,Chris,Paul,942c53e3-7268-44e3-b0a9-fdff55a72c03,G,26,100.0,71.4,0.0,3,6,0,3,3,0,0,3,Thunder,1,1,117,37:10,Covid,8000,748eb188-7327-4ab1-a672-04730c4b18bd,2020-08-24T20:00:00+00:00,Chris Paul
940,940,James,Harden,a52b2c84-9c3d-4d6e-8a3b-10e75d11c2bc,G,32,80.0,50.0,40.0,15,8,1,4,5,0,0,6,Rockets,0,0,114,42:49,Covid,8000,748eb188-7327-4ab1-a672-04730c4b18bd,2020-08-24T20:00:00+00:00,James Harden
941,941,Russell,Westbrook,74a45eed-f2b0-4886-ae71-d04cf7d59528,G,0,0.0,0.0,0.0,0,0,0,0,0,0,0,0,Rockets,0,0,114,00:00,Covid,8000,748eb188-7327-4ab1-a672-04730c4b18bd,2020-08-24T20:00:00+00:00,Russell Westbrook
952,952,Jimmy,Butler,0e163d44-67a7-4107-9421-5333600166bb,F,6,100.0,40.0,0.0,2,3,1,1,1,0,0,1,Heat,1,1,99,23:03,Covid,1200,958f5799-f7d9-42e8-9fdd-485b3fdf00aa,2020-08-24T22:30:00+00:00,Jimmy Butler
966,966,Bam,Adebayo,11c303dc-540c-4090-8e0c-76c2fb2c125a,C,14,100.0,37.5,0.0,6,19,6,1,2,0,0,6,Heat,1,1,99,36:50,Covid,1200,958f5799-f7d9-42e8-9fdd-485b3fdf00aa,2020-08-24T22:30:00+00:00,Bam Adebayo
976,976,Domantas,Sabonis,22038780-8c50-4211-a99e-656d983e5207,F-C,0,0.0,0.0,0.0,0,0,0,0,0,0,0,0,Pacers,0,0,87,00:00,Covid,1200,958f5799-f7d9-42e8-9fdd-485b3fdf00aa,2020-08-24T22:30:00+00:00,Domantas Sabonis
986,986,Hassan,Whiteside,3b8024e6-5872-4ceb-b675-415715527776,C,11,0.0,66.7,100.0,1,3,1,0,4,1,0,1,Trail Blazers,1,0,115,16:40,Covid,8000,9305c56b-a5fd-4b2a-a1d0-687f75ec8b0c,2020-08-25T01:00:00+00:00,Hassan Whiteside
995,995,Damian,Lillard,5382cf43-3a79-4a5a-a7fd-153906fe65dd,G,11,100.0,28.6,50.0,4,1,0,1,2,0,0,3,Trail Blazers,1,0,115,26:35,Covid,8000,9305c56b-a5fd-4b2a-a1d0-687f75ec8b0c,2020-08-25T01:00:00+00:00,Damian Lillard
1006,1006,Anthony,Davis,ea8826b8-1f76-4eab-b61e-ffcb176880f3,F,18,80.0,71.4,0.0,5,5,1,1,2,0,0,0,Lakers,0,1,135,17:36,Covid,8000,9305c56b-a5fd-4b2a-a1d0-687f75ec8b0c,2020-08-25T01:00:00+00:00,Anthony Davis
1012,1012,LeBron,James,0afbe608-940a-4d5d-a1f7-468718c67d91,F,30,75.0,85.7,80.0,10,6,1,0,2,0,0,2,Lakers,0,1,135,28:18,Covid,8000,9305c56b-a5fd-4b2a-a1d0-687f75ec8b0c,2020-08-25T01:00:00+00:00,LeBron James
1032,1032,Nikola,Jokic,f2625432-3903-4f90-9b0b-2e4f63856bb0,C,31,0.0,62.5,63.6,4,6,0,0,4,0,0,2,Nuggets,1,1,117,42:51,Covid,1200,170d23b3-c8c7-4831-8956-fbb8c204540f,2020-08-25T22:30:00+00:00,Nikola Jokic
1037,1037,Tony,Bradley,6130d33e-5725-4f5d-8f81-76ecd691a5b2,C-F,2,0.0,100.0,0.0,0,1,0,0,1,0,0,2,Jazz,0,0,107,5:09,Covid,1200,170d23b3-c8c7-4831-8956-fbb8c204540f,2020-08-25T22:30:00+00:00,Tony Bradley
1045,1045,Rudy,Gobert,37fbc3a5-0d10-4e22-803b-baa2ea0cdb12,C,11,75.0,44.4,0.0,2,12,1,0,2,0,0,3,Jazz,0,0,107,42:47,Covid,1200,170d23b3-c8c7-4831-8956-fbb8c204540f,2020-08-25T22:30:00+00:00,Rudy Gobert
1054,1054,Kawhi,Leonard,c12fb587-fc86-471c-8a84-19caf31325ce,F,32,54.5,66.7,50.0,4,7,2,1,2,0,0,2,Clippers,1,1,154,29:50,Covid,8000,63ae4bd5-2b09-49d7-90a3-eab7b9b7d93d,2020-08-26T01:00:00+00:00,Kawhi Leonard
1057,1057,Montrezl,Harrell,869c305c-3e1f-49e5-a59b-5f1e03d198f8,F-C,19,80.0,66.7,50.0,1,11,2,0,3,0,0,2,Clippers,1,1,154,22:52,Covid,8000,63ae4bd5-2b09-49d7-90a3-eab7b9b7d93d,2020-08-26T01:00:00+00:00,Montrezl Harrell
1059,1059,Ivica,Zubac,2da18268-82d4-4b40-a296-7ceddd435d0b,C,9,83.3,100.0,0.0,2,7,0,1,3,0,1,1,Clippers,1,1,154,23:37,Covid,8000,63ae4bd5-2b09-49d7-90a3-eab7b9b7d93d,2020-08-26T01:00:00+00:00,Ivica Zubac
1063,1063,Paul,George,db09f372-9a17-4889-add7-bf8a75ab6da6,G,35,100.0,80.0,50.0,2,3,1,0,4,0,0,2,Clippers,1,1,154,24:55,Covid,8000,63ae4bd5-2b09-49d7-90a3-eab7b9b7d93d,2020-08-26T01:00:00+00:00,Paul George
1073,1073,Kristaps,Porzingis,3c5901ef-af1d-441d-aeed-8e0a93cead49,F-C,0,0.0,0.0,0.0,0,0,0,0,0,0,0,0,Mavericks,0,0,111,00:00,Covid,8000,63ae4bd5-2b09-49d7-90a3-eab7b9b7d93d,2020-08-26T01:00:00+00:00,Kristaps Porzingis
1077,1077,Luka,Doncic,d2ee92e9-3e72-45eb-b156-2dc5adc1e6f7,G,22,64.3,45.5,16.7,4,8,1,0,1,0,1,5,Mavericks,0,0,111,31:13,Covid,8000,63ae4bd5-2b09-49d7-90a3-eab7b9b7d93d,2020-08-26T01:00:00+00:00,Luka Doncic
1083,1083,Khris,Middleton,4c362eee-6474-40ea-b1b4-d8f917f95175,F,21,80.0,50.0,37.5,7,10,1,1,2,0,0,2,Bucks,1,1,118,33:32,Covid,8000,4794341f-dcd2-4307-9661-c81dd29c0565,2020-08-29T19:30:00+00:00,Khris Middleton
1089,1089,Giannis,Antetokounmpo,6c60282d-165a-4cba-8e5a-4f2d9d4c5905,F,28,60.0,72.7,50.0,3,17,2,0,5,0,0,3,Bucks,1,1,118,28:23,Covid,8000,4794341f-dcd2-4307-9661-c81dd29c0565,2020-08-29T19:30:00+00:00,Giannis Antetokounmpo
1107,1107,Nikola,Vucevic,7366b2b7-5959-4dd9-9204-760e861b3119,C,22,50.0,40.0,30.0,5,15,2,1,2,0,0,1,Magic,0,0,104,39:32,Covid,8000,4794341f-dcd2-4307-9661-c81dd29c0565,2020-08-29T19:30:00+00:00,Nikola Vucevic
1120,1120,Russell,Westbrook,74a45eed-f2b0-4886-ae71-d04cf7d59528,G,7,50.0,27.3,0.0,7,6,2,1,4,0,0,0,Rockets,1,1,114,23:35,Covid,1200,1f1e45c5-c323-455b-8f19-fc07c3dc11d7,2020-08-29T22:30:00+00:00,Russell Westbrook
1121,1121,James,Harden,a52b2c84-9c3d-4d6e-8a3b-10e75d11c2bc,G,31,83.3,100.0,50.0,5,2,0,1,3,0,0,3,Rockets,1,1,114,28:24,Covid,1200,1f1e45c5-c323-455b-8f19-fc07c3dc11d7,2020-08-29T22:30:00+00:00,James Harden
1127,1127,Nerlens,Noel,2012f4fd-98e0-4080-98a7-0cfb9de87067,C-F,2,0.0,33.3,0.0,0,9,1,0,1,0,0,0,Thunder,0,0,80,13:04,Covid,1200,1f1e45c5-c323-455b-8f19-fc07c3dc11d7,2020-08-29T22:30:00+00:00,Nerlens Noel
1134,1134,Steven,Adams,a208e22a-6b63-45f9-b7c6-bf913a68f3df,C,12,0.0,75.0,0.0,0,14,8,0,1,0,0,0,Thunder,0,0,80,25:26,Covid,1200,1f1e45c5-c323-455b-8f19-fc07c3dc11d7,2020-08-29T22:30:00+00:00,Steven Adams
1135,1135,Chris,Paul,942c53e3-7268-44e3-b0a9-fdff55a72c03,G,16,75.0,62.5,20.0,3,6,2,0,0,0,0,4,Thunder,0,0,80,29:46,Covid,1200,1f1e45c5-c323-455b-8f19-fc07c3dc11d7,2020-08-29T22:30:00+00:00,Chris Paul
1149,1149,Anthony,Davis,ea8826b8-1f76-4eab-b61e-ffcb176880f3,F,43,84.6,83.3,66.7,4,9,2,1,2,0,0,1,Lakers,1,1,131,36:16,Covid,8000,17cf2307-5a06-4357-8d45-15f62cbd62c4,2020-08-30T01:00:00+00:00,Anthony Davis
1157,1157,LeBron,James,0afbe608-940a-4d5d-a1f7-468718c67d91,F,36,100.0,83.3,57.1,10,10,0,1,1,0,0,5,Lakers,1,1,131,33:52,Covid,8000,17cf2307-5a06-4357-8d45-15f62cbd62c4,2020-08-30T01:00:00+00:00,LeBron James
1165,1165,Damian,Lillard,5382cf43-3a79-4a5a-a7fd-153906fe65dd,G,0,0.0,0.0,0.0,0,0,0,0,0,0,0,0,Trail Blazers,0,0,122,00:00,Covid,8000,17cf2307-5a06-4357-8d45-15f62cbd62c4,2020-08-30T01:00:00+00:00,Damian Lillard
1166,1166,Hassan,Whiteside,3b8024e6-5872-4ceb-b675-415715527776,C,2,0.0,20.0,0.0,1,7,1,0,5,0,0,1,Trail Blazers,0,0,122,16:17,Covid,8000,17cf2307-5a06-4357-8d45-15f62cbd62c4,2020-08-30T01:00:00+00:00,Hassan Whiteside
1180,1180,Chris,Boucher,f01d5d8d-f949-437a-a23f-3835c0939ced,F-C,2,0.0,100.0,0.0,0,1,0,0,0,0,0,0,Raptors,1,0,94,3:44,Covid,1200,302b422d-25b4-4fd9-9cbb-93a7ddfcac88,2020-08-30T17:00:00+00:00,Chris Boucher
1200,1200,Jayson,Tatum,98136da3-452f-49dc-a794-1ee9c76443f2,F,21,100.0,53.8,40.0,2,9,0,1,0,0,0,4,Celtics,0,1,112,37:05,Covid,1200,302b422d-25b4-4fd9-9cbb-93a7ddfcac88,2020-08-30T17:00:00+00:00,Jayson Tatum
1201,1201,Kemba,Walker,a35ee8ed-f1db-4f7e-bb17-f823e8ee0b38,G,18,100.0,50.0,57.1,10,3,0,1,1,0,0,2,Celtics,0,1,112,32:00,Covid,1200,302b422d-25b4-4fd9-9cbb-93a7ddfcac88,2020-08-30T17:00:00+00:00,Kemba Walker
1206,1206,Enes,Kanter,5fb038ef-a3bf-4f52-afce-4f5bd074bb88,C,0,0.0,0.0,0.0,0,0,0,0,0,0,0,0,Celtics,0,1,112,00:00,Covid,1200,302b422d-25b4-4fd9-9cbb-93a7ddfcac88,2020-08-30T17:00:00+00:00,Enes Kanter
1217,1217,Luka,Doncic,d2ee92e9-3e72-45eb-b156-2dc5adc1e6f7,G,38,50.0,57.9,44.4,9,9,0,1,4,0,1,5,Mavericks,1,0,97,41:43,Covid,8000,0d029250-d9ca-4770-8554-969e1d6e2f6f,2020-08-30T19:30:00+00:00,Luka Doncic
1221,1221,Kristaps,Porzingis,3c5901ef-af1d-441d-aeed-8e0a93cead49,F-C,0,0.0,0.0,0.0,0,0,0,0,0,0,0,0,Mavericks,1,0,97,00:00,Covid,8000,0d029250-d9ca-4770-8554-969e1d6e2f6f,2020-08-30T19:30:00+00:00,Kristaps Porzingis
1225,1225,Kawhi,Leonard,c12fb587-fc86-471c-8a84-19caf31325ce,F,33,100.0,68.4,25.0,7,14,4,5,4,0,0,3,Clippers,0,1,111,40:23,Covid,8000,0d029250-d9ca-4770-8554-969e1d6e2f6f,2020-08-30T19:30:00+00:00,Kawhi Leonard
1226,1226,Montrezl,Harrell,869c305c-3e1f-49e5-a59b-5f1e03d198f8,F-C,4,0.0,50.0,0.0,0,2,0,0,3,0,0,0,Clippers,0,1,111,14:46,Covid,8000,0d029250-d9ca-4770-8554-969e1d6e2f6f,2020-08-30T19:30:00+00:00,Montrezl Harrell
1229,1229,Paul,George,db09f372-9a17-4889-add7-bf8a75ab6da6,G,15,50.0,33.3,28.6,7,9,2,0,4,0,0,5,Clippers,0,1,111,39:52,Covid,8000,0d029250-d9ca-4770-8554-969e1d6e2f6f,2020-08-30T19:30:00+00:00,Paul George
1234,1234,Ivica,Zubac,2da18268-82d4-4b40-a296-7ceddd435d0b,C,15,100.0,75.0,0.0,0,11,0,0,3,0,0,1,Clippers,0,1,111,33:14,Covid,8000,0d029250-d9ca-4770-8554-969e1d6e2f6f,2020-08-30T19:30:00+00:00,Ivica Zubac
1238,1238,Tony,Bradley,6130d33e-5725-4f5d-8f81-76ecd691a5b2,C-F,0,0.0,0.0,0.0,0,0,0,0,2,0,0,0,Jazz,1,0,107,4:47,Covid,8000,05d7eae8-f864-49e6-a150-7805d73ff581,2020-08-31T00:30:00+00:00,Tony Bradley
1247,1247,Rudy,Gobert,37fbc3a5-0d10-4e22-803b-baa2ea0cdb12,C,11,45.5,37.5,0.0,1,11,1,1,2,0,0,0,Jazz,1,0,107,41:32,Covid,8000,05d7eae8-f864-49e6-a150-7805d73ff581,2020-08-31T00:30:00+00:00,Rudy Gobert
1269,1269,Nikola,Jokic,f2625432-3903-4f90-9b0b-2e4f63856bb0,C,22,100.0,40.0,60.0,9,4,2,3,4,0,0,2,Nuggets,0,1,119,36:26,Covid,8000,05d7eae8-f864-49e6-a150-7805d73ff581,2020-08-31T00:30:00+00:00,Nikola Jokic
1282,1282,Khris,Middleton,4c362eee-6474-40ea-b1b4-d8f917f95175,F,28,0.0,50.0,50.0,5,6,0,2,6,0,0,4,Bucks,1,0,104,37:03,Covid,1200,70706196-74f5-4069-bfbc-945f4cb3fa72,2020-08-31T22:30:00+00:00,Khris Middleton
1284,1284,Giannis,Antetokounmpo,6c60282d-165a-4cba-8e5a-4f2d9d4c5905,F,18,33.3,57.1,40.0,9,10,2,1,3,0,0,6,Bucks,1,0,104,36:36,Covid,1200,70706196-74f5-4069-bfbc-945f4cb3fa72,2020-08-31T22:30:00+00:00,Giannis Antetokounmpo
1293,1293,Bam,Adebayo,11c303dc-540c-4090-8e0c-76c2fb2c125a,C,12,100.0,41.7,0.0,6,17,6,2,3,0,0,2,Heat,0,1,115,37:48,Covid,1200,70706196-74f5-4069-bfbc-945f4cb3fa72,2020-08-31T22:30:00+00:00,Bam Adebayo
1300,1300,Jimmy,Butler,0e163d44-67a7-4107-9421-5333600166bb,F,40,92.3,61.1,100.0,2,4,2,2,1,0,0,3,Heat,0,1,115,36:29,Covid,1200,70706196-74f5-4069-bfbc-945f4cb3fa72,2020-08-31T22:30:00+00:00,Jimmy Butler
1308,1308,Steven,Adams,a208e22a-6b63-45f9-b7c6-bf913a68f3df,C,6,0.0,33.3,0.0,1,14,9,1,1,0,0,4,Thunder,1,1,104,31:24,Covid,8000,463ee129-b37c-451f-acc5-90d448b7c1f9,2020-09-01T01:00:00+00:00,Steven Adams
1315,1315,Chris,Paul,942c53e3-7268-44e3-b0a9-fdff55a72c03,G,28,100.0,50.0,50.0,3,7,0,3,1,0,1,0,Thunder,1,1,104,39:47,Covid,8000,463ee129-b37c-451f-acc5-90d448b7c1f9,2020-09-01T01:00:00+00:00,Chris Paul
1316,1316,Nerlens,Noel,2012f4fd-98e0-4080-98a7-0cfb9de87067,C-F,2,0.0,50.0,0.0,0,2,0,2,2,0,0,1,Thunder,1,1,104,16:32,Covid,8000,463ee129-b37c-451f-acc5-90d448b7c1f9,2020-09-01T01:00:00+00:00,Nerlens Noel
1327,1327,James,Harden,a52b2c84-9c3d-4d6e-8a3b-10e75d11c2bc,G,32,87.5,72.7,27.3,7,8,1,0,2,0,1,5,Rockets,0,0,100,38:38,Covid,8000,463ee129-b37c-451f-acc5-90d448b7c1f9,2020-09-01T01:00:00+00:00,James Harden
1334,1334,Russell,Westbrook,74a45eed-f2b0-4886-ae71-d04cf7d59528,G,17,0.0,53.8,50.0,3,4,0,1,2,0,0,7,Rockets,0,0,100,27:18,Covid,8000,463ee129-b37c-451f-acc5-90d448b7c1f9,2020-09-01T01:00:00+00:00,Russell Westbrook
1340,1340,Chris,Boucher,f01d5d8d-f949-437a-a23f-3835c0939ced,F-C,0,0.0,0.0,0.0,0,2,0,0,0,0,0,0,Raptors,1,0,99,8:56,Covid,1200,5e405852-5cc4-4c9d-bf93-20e064396e21,2020-09-01T21:30:00+00:00,Chris Boucher
1352,1352,Enes,Kanter,5fb038ef-a3bf-4f52-afce-4f5bd074bb88,C,0,0.0,0.0,0.0,0,0,0,0,0,0,0,0,Celtics,0,1,102,00:00,Covid,1200,5e405852-5cc4-4c9d-bf93-20e064396e21,2020-09-01T21:30:00+00:00,Enes Kanter
1353,1353,Jayson,Tatum,98136da3-452f-49dc-a794-1ee9c76443f2,F,34,100.0,40.0,57.1,6,8,0,1,1,0,1,4,Celtics,0,1,102,42:06,Covid,1200,5e405852-5cc4-4c9d-bf93-20e064396e21,2020-09-01T21:30:00+00:00,Jayson Tatum
1358,1358,Kemba,Walker,a35ee8ed-f1db-4f7e-bb17-f823e8ee0b38,G,17,80.0,50.0,12.5,4,6,0,0,1,0,0,2,Celtics,0,1,102,38:16,Covid,1200,5e405852-5cc4-4c9d-bf93-20e064396e21,2020-09-01T21:30:00+00:00,Kemba Walker
1378,1378,Nikola,Jokic,f2625432-3903-4f90-9b0b-2e4f63856bb0,C,30,100.0,55.6,40.0,4,14,3,0,5,0,0,2,Nuggets,1,1,80,38:55,Covid,8000,317f9564-a3c2-4e33-bdbc-19400813e224,2020-09-02T00:30:00+00:00,Nikola Jokic
1397,1397,Tony,Bradley,6130d33e-5725-4f5d-8f81-76ecd691a5b2,C-F,0,0.0,0.0,0.0,0,0,0,0,0,0,0,0,Jazz,0,0,78,00:00,Covid,8000,317f9564-a3c2-4e33-bdbc-19400813e224,2020-09-02T00:30:00+00:00,Tony Bradley
1399,1399,Rudy,Gobert,37fbc3a5-0d10-4e22-803b-baa2ea0cdb12,C,19,75.0,61.5,0.0,0,18,7,0,4,0,0,1,Jazz,0,0,78,38:33,Covid,8000,317f9564-a3c2-4e33-bdbc-19400813e224,2020-09-02T00:30:00+00:00,Rudy Gobert
1409,1409,Giannis,Antetokounmpo,6c60282d-165a-4cba-8e5a-4f2d9d4c5905,F,29,69.2,58.8,0.0,3,14,4,0,4,0,0,2,Bucks,1,0,114,35:39,Covid,1200,26b47472-49ab-4f7d-bfc1-fc66a32a8b44,2020-09-02T22:30:00+00:00,Giannis Antetokounmpo
1415,1415,Khris,Middleton,4c362eee-6474-40ea-b1b4-d8f917f95175,F,23,91.7,50.0,0.0,8,6,0,0,5,0,0,3,Bucks,1,0,114,33:10,Covid,1200,26b47472-49ab-4f7d-bfc1-fc66a32a8b44,2020-09-02T22:30:00+00:00,Khris Middleton
1422,1422,Bam,Adebayo,11c303dc-540c-4090-8e0c-76c2fb2c125a,C,15,87.5,50.0,0.0,3,9,3,1,6,1,0,2,Heat,0,1,116,32:51,Covid,1200,26b47472-49ab-4f7d-bfc1-fc66a32a8b44,2020-09-02T22:30:00+00:00,Bam Adebayo
1431,1431,Jimmy,Butler,0e163d44-67a7-4107-9421-5333600166bb,F,13,87.5,50.0,0.0,6,3,1,3,2,0,1,2,Heat,0,1,116,36:13,Covid,1200,26b47472-49ab-4f7d-bfc1-fc66a32a8b44,2020-09-02T22:30:00+00:00,Jimmy Butler
1435,1435,James,Harden,a52b2c84-9c3d-4d6e-8a3b-10e75d11c2bc,G,17,88.9,50.0,11.1,9,3,1,2,5,0,0,4,Rockets,1,1,104,37:04,Covid,8000,938bf419-fdce-40ef-a299-024385f4c2cd,2020-09-03T01:00:00+00:00,James Harden
1446,1446,Russell,Westbrook,74a45eed-f2b0-4886-ae71-d04cf7d59528,G,20,100.0,50.0,0.0,2,9,2,0,3,0,0,2,Rockets,1,1,104,33:46,Covid,8000,938bf419-fdce-40ef-a299-024385f4c2cd,2020-09-03T01:00:00+00:00,Russell Westbrook
1460,1460,Steven,Adams,a208e22a-6b63-45f9-b7c6-bf913a68f3df,C,10,66.7,66.7,0.0,0,9,4,2,0,0,0,1,Thunder,0,0,102,33:53,Covid,8000,938bf419-fdce-40ef-a299-024385f4c2cd,2020-09-03T01:00:00+00:00,Steven Adams
1463,1463,Chris,Paul,942c53e3-7268-44e3-b0a9-fdff55a72c03,G,19,100.0,40.0,50.0,12,11,0,2,2,0,0,6,Thunder,0,0,102,39:52,Covid,8000,938bf419-fdce-40ef-a299-024385f4c2cd,2020-09-03T01:00:00+00:00,Chris Paul
1464,1464,Nerlens,Noel,2012f4fd-98e0-4080-98a7-0cfb9de87067,C-F,2,0.0,100.0,0.0,1,1,0,0,2,0,0,1,Thunder,0,0,102,14:07,Covid,8000,938bf419-fdce-40ef-a299-024385f4c2cd,2020-09-03T01:00:00+00:00,Nerlens Noel
1467,1467,Enes,Kanter,5fb038ef-a3bf-4f52-afce-4f5bd074bb88,C,4,0.0,100.0,0.0,0,1,1,0,1,0,0,0,Celtics,1,0,103,4:06,Covid,1200,40540952-4622-483e-b539-f6ca26b0e792,2020-09-03T22:30:00+00:00,Enes Kanter
1469,1469,Jayson,Tatum,98136da3-452f-49dc-a794-1ee9c76443f2,F,15,66.7,28.6,25.0,6,9,2,1,1,0,0,1,Celtics,1,0,103,39:24,Covid,1200,40540952-4622-483e-b539-f6ca26b0e792,2020-09-03T22:30:00+00:00,Jayson Tatum
1480,1480,Kemba,Walker,a35ee8ed-f1db-4f7e-bb17-f823e8ee0b38,G,29,100.0,62.5,57.1,3,3,0,3,1,0,0,2,Celtics,1,0,103,38:50,Covid,1200,40540952-4622-483e-b539-f6ca26b0e792,2020-09-03T22:30:00+00:00,Kemba Walker
1494,1494,Chris,Boucher,f01d5d8d-f949-437a-a23f-3835c0939ced,F-C,0,0.0,0.0,0.0,0,0,0,0,0,0,0,0,Raptors,0,1,104,00:00,Covid,1200,40540952-4622-483e-b539-f6ca26b0e792,2020-09-03T22:30:00+00:00,Chris Boucher
1502,1502,Ivica,Zubac,2da18268-82d4-4b40-a296-7ceddd435d0b,C,4,0.0,66.7,0.0,2,7,3,0,2,0,0,2,Clippers,1,1,120,24:26,Covid,8000,14fe83d7-719a-444d-a1b3-32da3f707846,2020-09-04T01:00:00+00:00,Ivica Zubac
1504,1504,Paul,George,db09f372-9a17-4889-add7-bf8a75ab6da6,G,19,71.4,66.7,28.6,4,7,0,2,2,0,0,5,Clippers,1,1,120,33:05,Covid,8000,14fe83d7-719a-444d-a1b3-32da3f707846,2020-09-04T01:00:00+00:00,Paul George
1511,1511,Kawhi,Leonard,c12fb587-fc86-471c-8a84-19caf31325ce,F,29,100.0,78.6,50.0,3,2,0,2,1,0,0,2,Clippers,1,1,120,31:58,Covid,8000,14fe83d7-719a-444d-a1b3-32da3f707846,2020-09-04T01:00:00+00:00,Kawhi Leonard
1514,1514,Montrezl,Harrell,869c305c-3e1f-49e5-a59b-5f1e03d198f8,F-C,15,83.3,45.5,0.0,2,3,2,1,4,0,1,0,Clippers,1,1,120,19:10,Covid,8000,14fe83d7-719a-444d-a1b3-32da3f707846,2020-09-04T01:00:00+00:00,Montrezl Harrell
1520,1520,Nikola,Jokic,f2625432-3903-4f90-9b0b-2e4f63856bb0,C,15,75.0,50.0,0.0,3,3,1,0,2,0,0,1,Nuggets,0,0,97,29:57,Covid,8000,14fe83d7-719a-444d-a1b3-32da3f707846,2020-09-04T01:00:00+00:00,Nikola Jokic
1545,1545,Jimmy,Butler,0e163d44-67a7-4107-9421-5333600166bb,F,30,73.7,62.5,40.0,6,7,5,1,3,1,0,2,Heat,1,1,115,34:40,Covid,1200,3206d6a7-7e04-46d2-8b4d-4d0ea65aea98,2020-09-04T22:30:00+00:00,Jimmy Butler
1547,1547,Bam,Adebayo,11c303dc-540c-4090-8e0c-76c2fb2c125a,C,20,85.7,87.5,0.0,3,16,2,0,4,0,0,2,Heat,1,1,115,35:47,Covid,1200,3206d6a7-7e04-46d2-8b4d-4d0ea65aea98,2020-09-04T22:30:00+00:00,Bam Adebayo
1555,1555,Khris,Middleton,4c362eee-6474-40ea-b1b4-d8f917f95175,F,18,100.0,50.0,33.3,7,3,0,2,6,0,0,0,Bucks,0,0,100,36:03,Covid,1200,3206d6a7-7e04-46d2-8b4d-4d0ea65aea98,2020-09-04T22:30:00+00:00,Khris Middleton
1559,1559,Giannis,Antetokounmpo,6c60282d-165a-4cba-8e5a-4f2d9d4c5905,F,21,58.3,50.0,0.0,9,16,4,1,3,0,0,3,Bucks,0,0,100,34:55,Covid,1200,3206d6a7-7e04-46d2-8b4d-4d0ea65aea98,2020-09-04T22:30:00+00:00,Giannis Antetokounmpo
1567,1567,Anthony,Davis,ea8826b8-1f76-4eab-b61e-ffcb176880f3,F,25,100.0,64.3,50.0,1,14,2,3,2,0,0,3,Lakers,1,0,97,37:16,Covid,8000,ff6a0fe0-039d-491e-8bf4-8edc53626c79,2020-09-05T01:00:00+00:00,Anthony Davis
1581,1581,LeBron,James,0afbe608-940a-4d5d-a1f7-468718c67d91,F,20,80.0,62.5,28.6,7,8,1,0,2,0,0,4,Lakers,1,0,97,36:34,Covid,8000,ff6a0fe0-039d-491e-8bf4-8edc53626c79,2020-09-05T01:00:00+00:00,LeBron James
1584,1584,James,Harden,a52b2c84-9c3d-4d6e-8a3b-10e75d11c2bc,G,36,75.0,64.3,50.0,5,2,0,2,2,0,0,5,Rockets,0,1,112,33:56,Covid,8000,ff6a0fe0-039d-491e-8bf4-8edc53626c79,2020-09-05T01:00:00+00:00,James Harden
1596,1596,Russell,Westbrook,74a45eed-f2b0-4886-ae71-d04cf7d59528,G,24,50.0,47.4,20.0,6,9,0,1,2,0,1,5,Rockets,0,1,112,32:03,Covid,8000,ff6a0fe0-039d-491e-8bf4-8edc53626c79,2020-09-05T01:00:00+00:00,Russell Westbrook
1597,1597,Jayson,Tatum,98136da3-452f-49dc-a794-1ee9c76443f2,F,24,60.0,75.0,16.7,3,10,1,0,2,0,0,5,Celtics,1,0,93,42:34,Covid,1200,19bbd61e-208c-41ce-85a6-b6ce5e82ded8,2020-09-05T22:30:00+00:00,Jayson Tatum
1601,1601,Kemba,Walker,a35ee8ed-f1db-4f7e-bb17-f823e8ee0b38,G,15,85.7,100.0,16.7,8,2,0,1,5,0,0,2,Celtics,1,0,93,40:48,Covid,1200,19bbd61e-208c-41ce-85a6-b6ce5e82ded8,2020-09-05T22:30:00+00:00,Kemba Walker
1609,1609,Enes,Kanter,5fb038ef-a3bf-4f52-afce-4f5bd074bb88,C,0,0.0,0.0,0.0,0,0,0,0,0,0,0,0,Celtics,1,0,93,00:00,Covid,1200,19bbd61e-208c-41ce-85a6-b6ce5e82ded8,2020-09-05T22:30:00+00:00,Enes Kanter
1621,1621,Chris,Boucher,f01d5d8d-f949-437a-a23f-3835c0939ced,F-C,0,0.0,0.0,0.0,0,0,0,0,0,0,0,0,Raptors,0,1,100,00:00,Covid,1200,19bbd61e-208c-41ce-85a6-b6ce5e82ded8,2020-09-05T22:30:00+00:00,Chris Boucher
1632,1632,Ivica,Zubac,2da18268-82d4-4b40-a296-7ceddd435d0b,C,15,75.0,75.0,0.0,0,9,4,0,3,0,0,1,Clippers,1,0,101,20:15,Covid,8000,0eb1afdb-b123-45cf-84dc-9c569a27d1ec,2020-09-06T01:00:00+00:00,Ivica Zubac
1636,1636,Montrezl,Harrell,869c305c-3e1f-49e5-a59b-5f1e03d198f8,F-C,10,50.0,50.0,0.0,0,3,1,2,0,0,0,0,Clippers,1,0,101,17:52,Covid,8000,0eb1afdb-b123-45cf-84dc-9c569a27d1ec,2020-09-06T01:00:00+00:00,Montrezl Harrell
1638,1638,Paul,George,db09f372-9a17-4889-add7-bf8a75ab6da6,G,22,80.0,33.3,40.0,3,8,3,2,2,0,0,4,Clippers,1,0,101,41:56,Covid,8000,0eb1afdb-b123-45cf-84dc-9c569a27d1ec,2020-09-06T01:00:00+00:00,Paul George
1639,1639,Kawhi,Leonard,c12fb587-fc86-471c-8a84-19caf31325ce,F,13,71.4,28.6,0.0,8,10,4,3,2,0,0,4,Clippers,1,0,101,38:49,Covid,8000,0eb1afdb-b123-45cf-84dc-9c569a27d1ec,2020-09-06T01:00:00+00:00,Kawhi Leonard
1660,1660,Nikola,Jokic,f2625432-3903-4f90-9b0b-2e4f63856bb0,C,26,100.0,50.0,80.0,4,18,1,0,4,0,0,6,Nuggets,0,1,110,37:15,Covid,8000,0eb1afdb-b123-45cf-84dc-9c569a27d1ec,2020-09-06T01:00:00+00:00,Nikola Jokic
1673,1673,Jimmy,Butler,0e163d44-67a7-4107-9421-5333600166bb,F,17,83.3,42.9,0.0,2,5,1,2,2,0,0,3,Heat,1,0,115,38:48,Covid,8000,5ced92ca-899f-446a-b5df-00d84c907373,2020-09-06T19:30:00+00:00,Jimmy Butler
1676,1676,Bam,Adebayo,11c303dc-540c-4090-8e0c-76c2fb2c125a,C,26,100.0,76.9,0.0,8,12,4,1,1,0,0,1,Heat,1,0,115,43:50,Covid,8000,5ced92ca-899f-446a-b5df-00d84c907373,2020-09-06T19:30:00+00:00,Bam Adebayo
1688,1688,Khris,Middleton,4c362eee-6474-40ea-b1b4-d8f917f95175,F,36,100.0,42.9,42.9,8,8,2,2,4,0,0,4,Bucks,0,1,118,47:59,Covid,8000,5ced92ca-899f-446a-b5df-00d84c907373,2020-09-06T19:30:00+00:00,Khris Middleton
1692,1692,Giannis,Antetokounmpo,6c60282d-165a-4cba-8e5a-4f2d9d4c5905,F,19,50.0,77.8,100.0,0,4,1,1,1,0,0,0,Bucks,0,1,118,11:29,Covid,8000,5ced92ca-899f-446a-b5df-00d84c907373,2020-09-06T19:30:00+00:00,Giannis Antetokounmpo
1703,1703,LeBron,James,0afbe608-940a-4d5d-a1f7-468718c67d91,F,28,70.0,75.0,20.0,9,11,0,4,3,0,0,7,Lakers,1,1,117,39:16,Covid,8000,e354fdc3-fc23-4e40-b846-416ab1e1f88a,2020-09-07T00:30:00+00:00,LeBron James
1705,1705,Anthony,Davis,ea8826b8-1f76-4eab-b61e-ffcb176880f3,F,34,50.0,60.9,100.0,4,10,3,0,1,0,0,2,Lakers,1,1,117,36:11,Covid,8000,e354fdc3-fc23-4e40-b846-416ab1e1f88a,2020-09-07T00:30:00+00:00,Anthony Davis
1715,1715,James,Harden,a52b2c84-9c3d-4d6e-8a3b-10e75d11c2bc,G,27,84.6,50.0,50.0,7,2,0,2,2,0,0,5,Rockets,0,0,109,39:27,Covid,8000,e354fdc3-fc23-4e40-b846-416ab1e1f88a,2020-09-07T00:30:00+00:00,James Harden
1726,1726,Russell,Westbrook,74a45eed-f2b0-4886-ae71-d04cf7d59528,G,10,33.3,37.5,14.3,4,13,4,2,5,0,0,7,Rockets,0,0,109,32:55,Covid,8000,e354fdc3-fc23-4e40-b846-416ab1e1f88a,2020-09-07T00:30:00+00:00,Russell Westbrook
1741,1741,Chris,Boucher,f01d5d8d-f949-437a-a23f-3835c0939ced,F-C,3,0.0,0.0,100.0,0,4,3,0,2,0,0,0,Raptors,1,0,89,11:32,Covid,1200,aff6f0a3-6966-42ad-a20b-921554d0010a,2020-09-07T22:30:00+00:00,Chris Boucher
1745,1745,Jayson,Tatum,98136da3-452f-49dc-a794-1ee9c76443f2,F,18,87.5,40.0,20.0,4,10,3,1,4,0,0,2,Celtics,0,1,111,36:17,Covid,1200,aff6f0a3-6966-42ad-a20b-921554d0010a,2020-09-07T22:30:00+00:00,Jayson Tatum
1747,1747,Kemba,Walker,a35ee8ed-f1db-4f7e-bb17-f823e8ee0b38,G,21,80.0,77.8,16.7,7,4,0,0,0,0,0,2,Celtics,0,1,111,35:57,Covid,1200,aff6f0a3-6966-42ad-a20b-921554d0010a,2020-09-07T22:30:00+00:00,Kemba Walker
1761,1761,Enes,Kanter,5fb038ef-a3bf-4f52-afce-4f5bd074bb88,C,0,0.0,0.0,0.0,0,0,0,0,2,0,0,1,Celtics,0,1,111,3:28,Covid,1200,aff6f0a3-6966-42ad-a20b-921554d0010a,2020-09-07T22:30:00+00:00,Enes Kanter
1769,1769,Nikola,Jokic,f2625432-3903-4f90-9b0b-2e4f63856bb0,C,32,75.0,62.5,37.5,8,12,1,1,4,0,0,7,Nuggets,1,0,107,38:38,Covid,8000,9dc333d2-e0da-4ec0-89e9-b380352274c5,2020-09-08T01:00:00+00:00,Nikola Jokic
1785,1785,Paul,George,db09f372-9a17-4889-add7-bf8a75ab6da6,G,32,100.0,63.6,71.4,4,4,0,2,3,0,0,3,Clippers,0,1,113,40:28,Covid,8000,9dc333d2-e0da-4ec0-89e9-b380352274c5,2020-09-08T01:00:00+00:00,Paul George
1787,1787,Ivica,Zubac,2da18268-82d4-4b40-a296-7ceddd435d0b,C,8,85.7,100.0,0.0,0,3,0,0,6,0,0,3,Clippers,0,1,113,21:30,Covid,8000,9dc333d2-e0da-4ec0-89e9-b380352274c5,2020-09-08T01:00:00+00:00,Ivica Zubac
1788,1788,Kawhi,Leonard,c12fb587-fc86-471c-8a84-19caf31325ce,F,23,66.7,61.5,16.7,6,14,0,0,2,0,0,4,Clippers,0,1,113,42:15,Covid,8000,9dc333d2-e0da-4ec0-89e9-b380352274c5,2020-09-08T01:00:00+00:00,Kawhi Leonard
1789,1789,Montrezl,Harrell,869c305c-3e1f-49e5-a59b-5f1e03d198f8,F-C,11,70.0,66.7,0.0,0,3,1,2,3,0,0,1,Clippers,0,1,113,21:33,Covid,8000,9dc333d2-e0da-4ec0-89e9-b380352274c5,2020-09-08T01:00:00+00:00,Montrezl Harrell
1800,1800,Giannis,Antetokounmpo,6c60282d-165a-4cba-8e5a-4f2d9d4c5905,F,0,0.0,0.0,0.0,0,0,0,0,0,0,0,0,Bucks,1,0,94,00:00,Covid,1200,fdc30fce-5558-42b6-834c-825047be2087,2020-09-08T22:30:00+00:00,Giannis Antetokounmpo
1809,1809,Khris,Middleton,4c362eee-6474-40ea-b1b4-d8f917f95175,F,23,83.3,37.5,22.2,6,7,0,1,6,0,0,6,Bucks,1,0,94,41:49,Covid,1200,fdc30fce-5558-42b6-834c-825047be2087,2020-09-08T22:30:00+00:00,Khris Middleton
1811,1811,Bam,Adebayo,11c303dc-540c-4090-8e0c-76c2fb2c125a,C,13,83.3,44.4,0.0,2,6,1,0,2,0,0,5,Heat,0,1,103,30:33,Covid,1200,fdc30fce-5558-42b6-834c-825047be2087,2020-09-08T22:30:00+00:00,Bam Adebayo
1814,1814,Jimmy,Butler,0e163d44-67a7-4107-9421-5333600166bb,F,17,100.0,60.0,100.0,6,10,2,1,1,0,0,5,Heat,0,1,103,37:07,Covid,1200,fdc30fce-5558-42b6-834c-825047be2087,2020-09-08T22:30:00+00:00,Jimmy Butler
1838,1838,James,Harden,a52b2c84-9c3d-4d6e-8a3b-10e75d11c2bc,G,33,100.0,50.0,44.4,9,9,3,0,2,0,0,2,Rockets,1,0,102,38:04,Covid,8000,90c8083e-58a5-41ed-9151-4e1f07b22d93,2020-09-09T01:00:00+00:00,James Harden
1840,1840,Russell,Westbrook,74a45eed-f2b0-4886-ae71-d04cf7d59528,G,30,100.0,55.0,50.0,6,8,1,2,1,0,0,3,Rockets,1,0,102,35:36,Covid,8000,90c8083e-58a5-41ed-9151-4e1f07b22d93,2020-09-09T01:00:00+00:00,Russell Westbrook
1849,1849,Anthony,Davis,ea8826b8-1f76-4eab-b61e-ffcb176880f3,F,26,72.7,69.2,0.0,6,15,4,1,4,0,0,4,Lakers,0,1,112,38:44,Covid,8000,90c8083e-58a5-41ed-9151-4e1f07b22d93,2020-09-09T01:00:00+00:00,Anthony Davis
1852,1852,LeBron,James,0afbe608-940a-4d5d-a1f7-468718c67d91,F,36,60.0,64.3,44.4,5,7,0,1,1,0,0,2,Lakers,0,1,112,37:31,Covid,8000,90c8083e-58a5-41ed-9151-4e1f07b22d93,2020-09-09T01:00:00+00:00,LeBron James
1861,1861,Kemba,Walker,a35ee8ed-f1db-4f7e-bb17-f823e8ee0b38,G,5,0.0,20.0,16.7,7,4,0,0,4,0,0,3,Celtics,1,0,122,51:40,Covid,1200,3e59bd70-428b-4969-a79a-8faf67f0f579,2020-09-09T22:30:00+00:00,Kemba Walker
1870,1870,Enes,Kanter,5fb038ef-a3bf-4f52-afce-4f5bd074bb88,C,0,0.0,0.0,0.0,0,0,0,0,0,0,0,0,Celtics,1,0,122,00:00,Covid,1200,3e59bd70-428b-4969-a79a-8faf67f0f579,2020-09-09T22:30:00+00:00,Enes Kanter
1871,1871,Jayson,Tatum,98136da3-452f-49dc-a794-1ee9c76443f2,F,29,70.0,38.5,50.0,9,14,3,2,3,0,1,6,Celtics,1,0,122,51:13,Covid,1200,3e59bd70-428b-4969-a79a-8faf67f0f579,2020-09-09T22:30:00+00:00,Jayson Tatum
1887,1887,Chris,Boucher,f01d5d8d-f949-437a-a23f-3835c0939ced,F-C,0,0.0,0.0,0.0,0,0,0,0,0,0,0,0,Raptors,0,1,125,00:00,Covid,1200,3e59bd70-428b-4969-a79a-8faf67f0f579,2020-09-09T22:30:00+00:00,Chris Boucher
1905,1905,Nikola,Jokic,f2625432-3903-4f90-9b0b-2e4f63856bb0,C,26,100.0,56.3,28.6,6,11,1,0,4,0,0,3,Nuggets,1,0,85,38:53,Covid,8000,3bdd2364-81ad-41df-8972-424e7f1c7279,2020-09-10T01:00:00+00:00,Nikola Jokic
1910,1910,Kawhi,Leonard,c12fb587-fc86-471c-8a84-19caf31325ce,F,30,100.0,44.4,50.0,9,11,3,4,3,0,0,1,Clippers,0,1,96,38:53,Covid,8000,3bdd2364-81ad-41df-8972-424e7f1c7279,2020-09-10T01:00:00+00:00,Kawhi Leonard
1911,1911,Ivica,Zubac,2da18268-82d4-4b40-a296-7ceddd435d0b,C,11,75.0,44.4,0.0,0,9,4,0,4,0,0,1,Clippers,0,1,96,29:45,Covid,8000,3bdd2364-81ad-41df-8972-424e7f1c7279,2020-09-10T01:00:00+00:00,Ivica Zubac
1919,1919,Montrezl,Harrell,869c305c-3e1f-49e5-a59b-5f1e03d198f8,F-C,15,60.0,75.0,0.0,0,2,1,0,3,0,0,1,Clippers,0,1,96,18:15,Covid,8000,3bdd2364-81ad-41df-8972-424e7f1c7279,2020-09-10T01:00:00+00:00,Montrezl Harrell
1921,1921,Paul,George,db09f372-9a17-4889-add7-bf8a75ab6da6,G,10,0.0,50.0,33.3,3,3,0,1,5,0,0,4,Clippers,0,1,96,26:56,Covid,8000,3bdd2364-81ad-41df-8972-424e7f1c7279,2020-09-10T01:00:00+00:00,Paul George
1929,1929,Russell,Westbrook,74a45eed-f2b0-4886-ae71-d04cf7d59528,G,25,66.7,62.5,37.5,3,3,1,3,4,0,1,3,Rockets,1,0,100,40:36,Covid,8000,6fc05374-daf3-406a-a697-bc2ba304be14,2020-09-10T23:00:00+00:00,Russell Westbrook
1935,1935,James,Harden,a52b2c84-9c3d-4d6e-8a3b-10e75d11c2bc,G,21,80.0,20.0,16.7,10,4,0,2,3,0,0,5,Rockets,1,0,100,39:25,Covid,8000,6fc05374-daf3-406a-a697-bc2ba304be14,2020-09-10T23:00:00+00:00,James Harden
1947,1947,LeBron,James,0afbe608-940a-4d5d-a1f7-468718c67d91,F,16,66.7,58.3,0.0,9,15,1,3,2,0,0,4,Lakers,0,1,110,33:45,Covid,8000,6fc05374-daf3-406a-a697-bc2ba304be14,2020-09-10T23:00:00+00:00,LeBron James
1956,1956,Anthony,Davis,ea8826b8-1f76-4eab-b61e-ffcb176880f3,F,29,100.0,62.5,0.0,5,12,3,0,4,0,1,5,Lakers,0,1,110,39:48,Covid,8000,6fc05374-daf3-406a-a697-bc2ba304be14,2020-09-10T23:00:00+00:00,Anthony Davis
1957,1957,Kawhi,Leonard,c12fb587-fc86-471c-8a84-19caf31325ce,F,36,100.0,58.3,41.7,4,9,2,3,2,0,0,3,Clippers,1,0,105,39:29,Covid,1200,21822f0d-48f1-48ab-b59a-3865eaa4eb69,2020-09-11T22:30:00+00:00,Kawhi Leonard
1965,1965,Paul,George,db09f372-9a17-4889-add7-bf8a75ab6da6,G,26,100.0,50.0,40.0,6,6,1,1,5,0,0,0,Clippers,1,0,105,42:15,Covid,1200,21822f0d-48f1-48ab-b59a-3865eaa4eb69,2020-09-11T22:30:00+00:00,Paul George
1967,1967,Montrezl,Harrell,869c305c-3e1f-49e5-a59b-5f1e03d198f8,F-C,6,0.0,42.9,0.0,0,3,2,0,3,0,0,1,Clippers,1,0,105,15:32,Covid,1200,21822f0d-48f1-48ab-b59a-3865eaa4eb69,2020-09-11T22:30:00+00:00,Montrezl Harrell
1969,1969,Ivica,Zubac,2da18268-82d4-4b40-a296-7ceddd435d0b,C,5,50.0,25.0,0.0,1,9,3,1,1,0,0,2,Clippers,1,0,105,31:38,Covid,1200,21822f0d-48f1-48ab-b59a-3865eaa4eb69,2020-09-11T22:30:00+00:00,Ivica Zubac
1975,1975,Nikola,Jokic,f2625432-3903-4f90-9b0b-2e4f63856bb0,C,22,50.0,63.6,33.3,5,14,1,1,3,0,0,6,Nuggets,0,1,111,40:07,Covid,1200,21822f0d-48f1-48ab-b59a-3865eaa4eb69,2020-09-11T22:30:00+00:00,Nikola Jokic
1999,1999,Chris,Boucher,f01d5d8d-f949-437a-a23f-3835c0939ced,F-C,0,0.0,0.0,0.0,0,0,0,0,0,0,0,0,Raptors,1,0,87,00:00,Covid,8000,7c5c831d-af14-460d-8816-9096f8f066f5,2020-09-12T01:00:00+00:00,Chris Boucher
2012,2012,Kemba,Walker,a35ee8ed-f1db-4f7e-bb17-f823e8ee0b38,G,14,60.0,44.4,14.3,4,6,0,2,1,0,0,1,Celtics,0,1,92,43:55,Covid,8000,7c5c831d-af14-460d-8816-9096f8f066f5,2020-09-12T01:00:00+00:00,Kemba Walker
2013,2013,Jayson,Tatum,98136da3-452f-49dc-a794-1ee9c76443f2,F,29,70.0,33.3,50.0,7,12,0,1,2,0,0,3,Celtics,0,1,92,44:00,Covid,8000,7c5c831d-af14-460d-8816-9096f8f066f5,2020-09-12T01:00:00+00:00,Jayson Tatum
2020,2020,Enes,Kanter,5fb038ef-a3bf-4f52-afce-4f5bd074bb88,C,0,0.0,0.0,0.0,0,0,0,0,0,0,0,0,Celtics,0,1,92,00:00,Covid,8000,7c5c831d-af14-460d-8816-9096f8f066f5,2020-09-12T01:00:00+00:00,Enes Kanter
2028,2028,Anthony,Davis,ea8826b8-1f76-4eab-b61e-ffcb176880f3,F,13,83.3,44.4,0.0,4,11,2,0,2,0,0,6,Lakers,1,1,119,34:25,Covid,8000,07724d32-ed17-4f7d-ae22-a229c4d96d88,2020-09-13T00:00:00+00:00,Anthony Davis
2036,2036,LeBron,James,0afbe608-940a-4d5d-a1f7-468718c67d91,F,29,80.0,60.0,37.5,7,11,2,2,2,0,0,4,Lakers,1,1,119,30:48,Covid,8000,07724d32-ed17-4f7d-ae22-a229c4d96d88,2020-09-13T00:00:00+00:00,LeBron James
2040,2040,James,Harden,a52b2c84-9c3d-4d6e-8a3b-10e75d11c2bc,G,30,100.0,83.3,25.0,5,6,4,1,5,0,0,6,Rockets,0,0,96,42:19,Covid,8000,07724d32-ed17-4f7d-ae22-a229c4d96d88,2020-09-13T00:00:00+00:00,James Harden
2050,2050,Russell,Westbrook,74a45eed-f2b0-4886-ae71-d04cf7d59528,G,10,33.3,40.0,0.0,6,4,1,2,2,0,0,3,Rockets,0,0,96,35:54,Covid,8000,07724d32-ed17-4f7d-ae22-a229c4d96d88,2020-09-13T00:00:00+00:00,Russell Westbrook
2063,2063,Nikola,Jokic,f2625432-3903-4f90-9b0b-2e4f63856bb0,C,34,80.0,56.3,66.7,7,14,2,1,2,0,0,5,Nuggets,1,1,111,39:38,Covid,8000,57d9ebd9-0629-4026-acf6-1c9998f53f2d,2020-09-13T17:00:00+00:00,Nikola Jokic
2075,2075,Kawhi,Leonard,c12fb587-fc86-471c-8a84-19caf31325ce,F,25,85.7,38.5,60.0,5,8,2,2,1,0,0,2,Clippers,0,0,98,41:27,Covid,8000,57d9ebd9-0629-4026-acf6-1c9998f53f2d,2020-09-13T17:00:00+00:00,Kawhi Leonard
2079,2079,Ivica,Zubac,2da18268-82d4-4b40-a296-7ceddd435d0b,C,2,0.0,16.7,0.0,1,12,4,0,3,0,0,1,Clippers,0,0,98,29:51,Covid,8000,57d9ebd9-0629-4026-acf6-1c9998f53f2d,2020-09-13T17:00:00+00:00,Ivica Zubac
2080,2080,Paul,George,db09f372-9a17-4889-add7-bf8a75ab6da6,G,33,100.0,41.7,44.4,3,6,1,5,4,0,0,3,Clippers,0,0,98,39:12,Covid,8000,57d9ebd9-0629-4026-acf6-1c9998f53f2d,2020-09-13T17:00:00+00:00,Paul George
2086,2086,Montrezl,Harrell,869c305c-3e1f-49e5-a59b-5f1e03d198f8,F-C,5,50.0,66.7,0.0,1,1,0,0,0,0,0,2,Clippers,0,0,98,15:26,Covid,8000,57d9ebd9-0629-4026-acf6-1c9998f53f2d,2020-09-13T17:00:00+00:00,Montrezl Harrell
2091,2091,Kemba,Walker,a35ee8ed-f1db-4f7e-bb17-f823e8ee0b38,G,19,85.7,50.0,11.1,6,3,0,0,4,0,0,3,Celtics,1,0,114,42:58,Covid,1200,6c632392-e27c-4391-bac1-59c2bd163ede,2020-09-15T22:30:00+00:00,Kemba Walker
2094,2094,Jayson,Tatum,98136da3-452f-49dc-a794-1ee9c76443f2,F,30,100.0,50.0,33.3,5,14,1,3,4,0,0,3,Celtics,1,0,114,43:07,Covid,1200,6c632392-e27c-4391-bac1-59c2bd163ede,2020-09-15T22:30:00+00:00,Jayson Tatum
2101,2101,Enes,Kanter,5fb038ef-a3bf-4f52-afce-4f5bd074bb88,C,0,0.0,0.0,0.0,0,0,0,0,0,0,0,0,Celtics,1,0,114,00:00,Covid,1200,6c632392-e27c-4391-bac1-59c2bd163ede,2020-09-15T22:30:00+00:00,Enes Kanter
2104,2104,Bam,Adebayo,11c303dc-540c-4090-8e0c-76c2fb2c125a,C,18,72.7,41.7,0.0,9,6,1,1,1,0,0,3,Heat,0,1,117,42:33,Covid,1200,6c632392-e27c-4391-bac1-59c2bd163ede,2020-09-15T22:30:00+00:00,Bam Adebayo
2117,2117,Jimmy,Butler,0e163d44-67a7-4107-9421-5333600166bb,F,20,66.7,45.5,66.7,5,5,3,2,3,0,0,2,Heat,0,1,117,43:00,Covid,1200,6c632392-e27c-4391-bac1-59c2bd163ede,2020-09-15T22:30:00+00:00,Jimmy Butler
2125,2125,Montrezl,Harrell,869c305c-3e1f-49e5-a59b-5f1e03d198f8,F-C,20,66.7,70.0,0.0,0,3,1,0,3,0,0,1,Clippers,1,0,89,25:43,Covid,8000,08f35b6a-c90d-4b79-99f0-862c4544a0f7,2020-09-16T01:00:00+00:00,Montrezl Harrell
2128,2128,Paul,George,db09f372-9a17-4889-add7-bf8a75ab6da6,G,10,0.0,40.0,18.2,2,4,2,1,4,0,0,5,Clippers,1,0,89,38:14,Covid,8000,08f35b6a-c90d-4b79-99f0-862c4544a0f7,2020-09-16T01:00:00+00:00,Paul George
2131,2131,Kawhi,Leonard,c12fb587-fc86-471c-8a84-19caf31325ce,F,14,0.0,26.7,28.6,6,6,0,2,1,0,0,2,Clippers,1,0,89,43:30,Covid,8000,08f35b6a-c90d-4b79-99f0-862c4544a0f7,2020-09-16T01:00:00+00:00,Kawhi Leonard
2133,2133,Ivica,Zubac,2da18268-82d4-4b40-a296-7ceddd435d0b,C,6,0.0,60.0,0.0,0,2,2,0,3,0,0,0,Clippers,1,0,89,14:18,Covid,8000,08f35b6a-c90d-4b79-99f0-862c4544a0f7,2020-09-16T01:00:00+00:00,Ivica Zubac
2151,2151,Nikola,Jokic,f2625432-3903-4f90-9b0b-2e4f63856bb0,C,16,100.0,55.6,0.0,13,22,3,2,4,0,0,5,Nuggets,0,1,104,39:42,Covid,8000,08f35b6a-c90d-4b79-99f0-862c4544a0f7,2020-09-16T01:00:00+00:00,Nikola Jokic
2156,2156,Kemba,Walker,a35ee8ed-f1db-4f7e-bb17-f823e8ee0b38,G,23,50.0,62.5,36.4,3,7,2,2,3,0,0,5,Celtics,1,0,101,33:50,Covid,8000,ee2d8261-56d3-4ad6-b3ec-e03cbe448125,2020-09-17T23:00:00+00:00,Kemba Walker
2162,2162,Jayson,Tatum,98136da3-452f-49dc-a794-1ee9c76443f2,F,21,81.8,60.0,0.0,4,5,0,1,4,0,0,5,Celtics,1,0,101,41:46,Covid,8000,ee2d8261-56d3-4ad6-b3ec-e03cbe448125,2020-09-17T23:00:00+00:00,Jayson Tatum
2169,2169,Enes,Kanter,5fb038ef-a3bf-4f52-afce-4f5bd074bb88,C,9,100.0,100.0,0.0,0,6,1,0,2,0,0,1,Celtics,1,0,101,10:48,Covid,8000,ee2d8261-56d3-4ad6-b3ec-e03cbe448125,2020-09-17T23:00:00+00:00,Enes Kanter
2182,2182,Bam,Adebayo,11c303dc-540c-4090-8e0c-76c2fb2c125a,C,21,50.0,62.5,0.0,4,10,3,2,4,0,0,2,Heat,0,1,106,35:19,Covid,8000,ee2d8261-56d3-4ad6-b3ec-e03cbe448125,2020-09-17T23:00:00+00:00,Bam Adebayo
2185,2185,Jimmy,Butler,0e163d44-67a7-4107-9421-5333600166bb,F,14,100.0,40.0,0.0,3,4,1,4,2,0,0,1,Heat,0,1,106,35:52,Covid,8000,ee2d8261-56d3-4ad6-b3ec-e03cbe448125,2020-09-17T23:00:00+00:00,Jimmy Butler
2187,2187,Anthony,Davis,ea8826b8-1f76-4eab-b61e-ffcb176880f3,F,37,80.0,61.1,33.3,4,10,3,0,3,0,0,3,Lakers,1,1,126,32:47,Covid,8000,6693dae2-02cc-4344-8ec1-0119deae4a46,2020-09-19T01:00:00+00:00,Anthony Davis
2200,2200,LeBron,James,0afbe608-940a-4d5d-a1f7-468718c67d91,F,15,75.0,66.7,0.0,12,6,1,0,2,0,0,3,Lakers,1,1,126,30:54,Covid,8000,6693dae2-02cc-4344-8ec1-0119deae4a46,2020-09-19T01:00:00+00:00,LeBron James
2204,2204,Nikola,Jokic,f2625432-3903-4f90-9b0b-2e4f63856bb0,C,21,71.4,57.1,0.0,2,6,4,0,5,0,0,4,Nuggets,0,0,114,25:25,Covid,8000,6693dae2-02cc-4344-8ec1-0119deae4a46,2020-09-19T01:00:00+00:00,Nikola Jokic
2225,2225,Jimmy,Butler,0e163d44-67a7-4107-9421-5333600166bb,F,17,83.3,50.0,0.0,3,8,3,0,1,0,0,3,Heat,1,0,106,37:27,Covid,8000,029bcf44-1066-4a74-aff4-c7a22fcd45c9,2020-09-20T00:30:00+00:00,Jimmy Butler
2232,2232,Bam,Adebayo,11c303dc-540c-4090-8e0c-76c2fb2c125a,C,27,77.8,71.4,0.0,1,16,4,3,4,0,0,3,Heat,1,0,106,37:49,Covid,8000,029bcf44-1066-4a74-aff4-c7a22fcd45c9,2020-09-20T00:30:00+00:00,Bam Adebayo
2239,2239,Enes,Kanter,5fb038ef-a3bf-4f52-afce-4f5bd074bb88,C,4,100.0,25.0,0.0,0,4,2,0,1,0,0,0,Celtics,0,1,117,5:46,Covid,8000,029bcf44-1066-4a74-aff4-c7a22fcd45c9,2020-09-20T00:30:00+00:00,Enes Kanter
2247,2247,Kemba,Walker,a35ee8ed-f1db-4f7e-bb17-f823e8ee0b38,G,21,50.0,50.0,50.0,2,6,0,0,2,0,0,4,Celtics,0,1,117,40:38,Covid,8000,029bcf44-1066-4a74-aff4-c7a22fcd45c9,2020-09-20T00:30:00+00:00,Kemba Walker
2251,2251,Jayson,Tatum,98136da3-452f-49dc-a794-1ee9c76443f2,F,25,100.0,53.8,28.6,8,14,1,0,3,0,1,2,Celtics,0,1,117,41:00,Covid,8000,029bcf44-1066-4a74-aff4-c7a22fcd45c9,2020-09-20T00:30:00+00:00,Jayson Tatum
2260,2260,LeBron,James,0afbe608-940a-4d5d-a1f7-468718c67d91,F,26,75.0,58.3,37.5,4,11,2,0,2,0,0,6,Lakers,1,1,105,36:25,Covid,8000,62f7c5cb-0d08-4a11-a7cd-11b31d9287c7,2020-09-20T23:30:00+00:00,LeBron James
2261,2261,Anthony,Davis,ea8826b8-1f76-4eab-b61e-ffcb176880f3,F,31,100.0,47.4,50.0,2,9,2,1,4,0,0,1,Lakers,1,1,105,39:18,Covid,8000,62f7c5cb-0d08-4a11-a7cd-11b31d9287c7,2020-09-20T23:30:00+00:00,Anthony Davis
2275,2275,Nikola,Jokic,f2625432-3903-4f90-9b0b-2e4f63856bb0,C,30,91.7,50.0,25.0,9,6,1,4,4,0,0,2,Nuggets,0,0,103,38:39,Covid,8000,62f7c5cb-0d08-4a11-a7cd-11b31d9287c7,2020-09-20T23:30:00+00:00,Nikola Jokic
2305,2305,Nikola,Jokic,f2625432-3903-4f90-9b0b-2e4f63856bb0,C,22,75.0,72.7,33.3,5,10,3,1,4,0,0,5,Nuggets,1,1,114,37:24,Covid,8000,deab0417-b23f-4d13-94d4-ef8b6b00fdaf,2020-09-23T01:00:00+00:00,Nikola Jokic
2307,2307,Anthony,Davis,ea8826b8-1f76-4eab-b61e-ffcb176880f3,F,27,90.0,69.2,0.0,1,2,0,1,4,0,0,3,Lakers,0,0,106,42:48,Covid,8000,deab0417-b23f-4d13-94d4-ef8b6b00fdaf,2020-09-23T01:00:00+00:00,Anthony Davis
2313,2313,LeBron,James,0afbe608-940a-4d5d-a1f7-468718c67d91,F,30,50.0,68.4,25.0,11,10,1,2,1,0,0,6,Lakers,0,0,106,37:15,Covid,8000,deab0417-b23f-4d13-94d4-ef8b6b00fdaf,2020-09-23T01:00:00+00:00,LeBron James
2323,2323,Jimmy,Butler,0e163d44-67a7-4107-9421-5333600166bb,F,24,88.9,44.4,0.0,3,9,4,1,2,0,0,1,Heat,1,1,112,38:33,Covid,8000,2bbd6d67-8ea1-42a6-b784-d49e8db8c9fe,2020-09-24T00:30:00+00:00,Jimmy Butler
2324,2324,Bam,Adebayo,11c303dc-540c-4090-8e0c-76c2fb2c125a,C,20,75.0,70.0,0.0,4,12,3,2,3,0,0,3,Heat,1,1,112,40:57,Covid,8000,2bbd6d67-8ea1-42a6-b784-d49e8db8c9fe,2020-09-24T00:30:00+00:00,Bam Adebayo
2346,2346,Enes,Kanter,5fb038ef-a3bf-4f52-afce-4f5bd074bb88,C,0,0.0,0.0,0.0,0,0,0,0,0,0,0,0,Celtics,0,0,109,00:00,Covid,8000,2bbd6d67-8ea1-42a6-b784-d49e8db8c9fe,2020-09-24T00:30:00+00:00,Enes Kanter
2352,2352,Jayson,Tatum,98136da3-452f-49dc-a794-1ee9c76443f2,F,28,100.0,54.5,36.4,4,9,0,1,4,0,0,6,Celtics,0,0,109,39:27,Covid,8000,2bbd6d67-8ea1-42a6-b784-d49e8db8c9fe,2020-09-24T00:30:00+00:00,Jayson Tatum
2355,2355,Kemba,Walker,a35ee8ed-f1db-4f7e-bb17-f823e8ee0b38,G,20,83.3,50.0,37.5,5,4,2,0,3,0,0,0,Celtics,0,0,109,34:19,Covid,8000,2bbd6d67-8ea1-42a6-b784-d49e8db8c9fe,2020-09-24T00:30:00+00:00,Kemba Walker
2365,2365,Nikola,Jokic,f2625432-3903-4f90-9b0b-2e4f63856bb0,C,16,100.0,40.0,66.7,4,7,3,2,5,0,0,1,Nuggets,1,0,108,35:42,Covid,8000,c1eb1190-1d4b-4989-af0d-761b5cc966aa,2020-09-25T01:00:00+00:00,Nikola Jokic
2374,2374,Anthony,Davis,ea8826b8-1f76-4eab-b61e-ffcb176880f3,F,34,92.9,75.0,33.3,3,5,1,3,2,0,0,3,Lakers,0,1,114,40:31,Covid,8000,c1eb1190-1d4b-4989-af0d-761b5cc966aa,2020-09-25T01:00:00+00:00,Anthony Davis
2383,2383,LeBron,James,0afbe608-940a-4d5d-a1f7-468718c67d91,F,26,78.6,40.0,33.3,8,9,1,0,2,0,0,0,Lakers,0,1,114,38:21,Covid,8000,c1eb1190-1d4b-4989-af0d-761b5cc966aa,2020-09-25T01:00:00+00:00,LeBron James
2399,2399,Kemba,Walker,a35ee8ed-f1db-4f7e-bb17-f823e8ee0b38,G,15,100.0,20.0,50.0,7,2,0,1,5,0,0,1,Celtics,1,1,121,28:22,Covid,8000,b3410309-cfec-4d1f-a641-ef837b699492,2020-09-26T00:30:00+00:00,Kemba Walker
2406,2406,Jayson,Tatum,98136da3-452f-49dc-a794-1ee9c76443f2,F,31,85.7,41.7,30.0,6,10,2,1,3,0,0,2,Celtics,1,1,121,43:29,Covid,8000,b3410309-cfec-4d1f-a641-ef837b699492,2020-09-26T00:30:00+00:00,Jayson Tatum
2407,2407,Enes,Kanter,5fb038ef-a3bf-4f52-afce-4f5bd074bb88,C,8,0.0,57.1,0.0,2,4,2,0,2,0,0,0,Celtics,1,1,121,10:10,Covid,8000,b3410309-cfec-4d1f-a641-ef837b699492,2020-09-26T00:30:00+00:00,Enes Kanter
2411,2411,Jimmy,Butler,0e163d44-67a7-4107-9421-5333600166bb,F,17,87.5,55.6,0.0,8,8,2,1,4,0,0,3,Heat,0,0,108,36:21,Covid,8000,b3410309-cfec-4d1f-a641-ef837b699492,2020-09-26T00:30:00+00:00,Jimmy Butler
2422,2422,Bam,Adebayo,11c303dc-540c-4090-8e0c-76c2fb2c125a,C,13,75.0,45.5,0.0,8,8,1,1,5,0,0,2,Heat,0,0,108,38:12,Covid,8000,b3410309-cfec-4d1f-a641-ef837b699492,2020-09-26T00:30:00+00:00,Bam Adebayo
2430,2430,Anthony,Davis,ea8826b8-1f76-4eab-b61e-ffcb176880f3,F,27,100.0,50.0,50.0,3,5,0,2,3,0,0,1,Lakers,1,1,117,34:43,Covid,8000,f1d3ddfa-0a2f-42b0-a334-1efcf9f20f5b,2020-09-27T01:00:00+00:00,Anthony Davis
2434,2434,LeBron,James,0afbe608-940a-4d5d-a1f7-468718c67d91,F,38,87.5,66.7,25.0,10,16,3,1,2,0,0,2,Lakers,1,1,117,40:01,Covid,8000,f1d3ddfa-0a2f-42b0-a334-1efcf9f20f5b,2020-09-27T01:00:00+00:00,LeBron James
2448,2448,Nikola,Jokic,f2625432-3903-4f90-9b0b-2e4f63856bb0,C,20,100.0,66.7,25.0,5,7,2,3,5,0,0,1,Nuggets,0,0,107,29:57,Covid,8000,f1d3ddfa-0a2f-42b0-a334-1efcf9f20f5b,2020-09-27T01:00:00+00:00,Nikola Jokic
2462,2462,Jimmy,Butler,0e163d44-67a7-4107-9421-5333600166bb,F,22,85.7,50.0,0.0,8,2,0,1,2,0,1,1,Heat,1,1,125,39:01,Covid,8000,a6c270a3-1f8c-4b75-b76c-6337a73dacb0,2020-09-27T23:30:00+00:00,Jimmy Butler
2471,2471,Bam,Adebayo,11c303dc-540c-4090-8e0c-76c2fb2c125a,C,32,90.9,73.3,0.0,5,14,1,1,3,0,0,2,Heat,1,1,125,39:29,Covid,8000,a6c270a3-1f8c-4b75-b76c-6337a73dacb0,2020-09-27T23:30:00+00:00,Bam Adebayo
2479,2479,Jayson,Tatum,98136da3-452f-49dc-a794-1ee9c76443f2,F,24,75.0,37.5,30.0,11,7,1,2,1,0,0,2,Celtics,0,0,113,43:54,Covid,8000,a6c270a3-1f8c-4b75-b76c-6337a73dacb0,2020-09-27T23:30:00+00:00,Jayson Tatum
2483,2483,Enes,Kanter,5fb038ef-a3bf-4f52-afce-4f5bd074bb88,C,3,50.0,50.0,0.0,0,4,2,0,0,0,0,0,Celtics,0,0,113,7:35,Covid,8000,a6c270a3-1f8c-4b75-b76c-6337a73dacb0,2020-09-27T23:30:00+00:00,Enes Kanter
2485,2485,Kemba,Walker,a35ee8ed-f1db-4f7e-bb17-f823e8ee0b38,G,20,75.0,80.0,30.0,5,2,0,0,5,0,0,1,Celtics,0,0,113,35:00,Covid,8000,a6c270a3-1f8c-4b75-b76c-6337a73dacb0,2020-09-27T23:30:00+00:00,Kemba Walker
2497,2497,LeBron,James,0afbe608-940a-4d5d-a1f7-468718c67d91,F,25,83.3,53.8,50.0,9,13,1,1,3,0,0,2,Lakers,1,1,116,36:24,Covid,8000,7f47a01f-a106-476e-b6c3-57674390e06e,2020-10-01T01:00:00+00:00,LeBron James
2508,2508,Anthony,Davis,ea8826b8-1f76-4eab-b61e-ffcb176880f3,F,34,100.0,52.9,50.0,5,9,3,0,1,0,0,1,Lakers,1,1,116,38:04,Covid,8000,7f47a01f-a106-476e-b6c3-57674390e06e,2020-10-01T01:00:00+00:00,Anthony Davis
2520,2520,Bam,Adebayo,11c303dc-540c-4090-8e0c-76c2fb2c125a,C,8,66.7,25.0,0.0,0,4,2,0,2,0,0,0,Heat,0,0,98,21:10,Covid,8000,7f47a01f-a106-476e-b6c3-57674390e06e,2020-10-01T01:00:00+00:00,Bam Adebayo
2521,2521,Jimmy,Butler,0e163d44-67a7-4107-9421-5333600166bb,F,23,100.0,66.7,50.0,5,2,0,2,0,0,0,2,Heat,0,0,98,33:25,Covid,8000,7f47a01f-a106-476e-b6c3-57674390e06e,2020-10-01T01:00:00+00:00,Jimmy Butler
2536,2536,Anthony,Davis,ea8826b8-1f76-4eab-b61e-ffcb176880f3,F,32,100.0,73.7,100.0,1,14,8,1,4,0,0,3,Lakers,1,1,124,39:33,Covid,8000,60a0f378-085f-40a4-ab89-5cc10f8462d2,2020-10-03T01:00:00+00:00,Anthony Davis
2538,2538,LeBron,James,0afbe608-940a-4d5d-a1f7-468718c67d91,F,33,40.0,64.7,37.5,9,9,2,1,2,0,0,0,Lakers,1,1,124,39:09,Covid,8000,60a0f378-085f-40a4-ab89-5cc10f8462d2,2020-10-03T01:00:00+00:00,LeBron James
2545,2545,Jimmy,Butler,0e163d44-67a7-4107-9421-5333600166bb,F,25,91.7,43.8,0.0,13,8,3,1,2,0,0,3,Heat,0,0,114,44:44,Covid,8000,60a0f378-085f-40a4-ab89-5cc10f8462d2,2020-10-03T01:00:00+00:00,Jimmy Butler
2556,2556,Bam,Adebayo,11c303dc-540c-4090-8e0c-76c2fb2c125a,C-F,0,0.0,0.0,0.0,0,0,0,0,0,0,0,0,Heat,0,0,114,00:00,Covid,8000,60a0f378-085f-40a4-ab89-5cc10f8462d2,2020-10-03T01:00:00+00:00,Bam Adebayo
2562,2562,Jimmy,Butler,0e163d44-67a7-4107-9421-5333600166bb,F,40,85.7,70.0,0.0,13,11,1,2,0,0,0,5,Heat,1,1,115,44:51,Covid,8000,6d7c7db0-75c2-4c30-9948-4e78fabe4774,2020-10-04T23:30:00+00:00,Jimmy Butler
2567,2567,Bam,Adebayo,11c303dc-540c-4090-8e0c-76c2fb2c125a,C-F,0,0.0,0.0,0.0,0,0,0,0,0,0,0,0,Heat,1,1,115,00:00,Covid,8000,6d7c7db0-75c2-4c30-9948-4e78fabe4774,2020-10-04T23:30:00+00:00,Bam Adebayo
2582,2582,LeBron,James,0afbe608-940a-4d5d-a1f7-468718c67d91,F,25,66.7,72.7,20.0,8,10,1,0,2,0,0,8,Lakers,0,0,104,39:13,Covid,8000,6d7c7db0-75c2-4c30-9948-4e78fabe4774,2020-10-04T23:30:00+00:00,LeBron James
2587,2587,Anthony,Davis,ea8826b8-1f76-4eab-b61e-ffcb176880f3,F,15,100.0,71.4,50.0,3,5,2,2,4,0,0,5,Lakers,0,0,104,32:58,Covid,8000,6d7c7db0-75c2-4c30-9948-4e78fabe4774,2020-10-04T23:30:00+00:00,Anthony Davis
2602,2602,Bam,Adebayo,11c303dc-540c-4090-8e0c-76c2fb2c125a,C,15,60.0,75.0,0.0,1,7,2,1,4,0,0,3,Heat,1,0,96,33:22,Covid,8000,cc6d50b6-e789-45fc-b5a2-b7a61b1edcb8,2020-10-07T01:00:00+00:00,Bam Adebayo
2610,2610,Jimmy,Butler,0e163d44-67a7-4107-9421-5333600166bb,F,22,85.7,57.1,0.0,9,10,3,3,1,0,0,3,Heat,1,0,96,43:26,Covid,8000,cc6d50b6-e789-45fc-b5a2-b7a61b1edcb8,2020-10-07T01:00:00+00:00,Jimmy Butler
2622,2622,Anthony,Davis,ea8826b8-1f76-4eab-b61e-ffcb176880f3,F,22,100.0,50.0,50.0,4,9,0,1,2,0,0,2,Lakers,0,1,102,41:31,Covid,8000,cc6d50b6-e789-45fc-b5a2-b7a61b1edcb8,2020-10-07T01:00:00+00:00,Anthony Davis
2623,2623,LeBron,James,0afbe608-940a-4d5d-a1f7-468718c67d91,F,28,83.3,54.5,40.0,8,12,2,1,2,0,0,6,Lakers,0,1,102,38:38,Covid,8000,cc6d50b6-e789-45fc-b5a2-b7a61b1edcb8,2020-10-07T01:00:00+00:00,LeBron James
2631,2631,Anthony,Davis,ea8826b8-1f76-4eab-b61e-ffcb176880f3,F,28,100.0,70.0,40.0,3,12,3,3,3,0,0,2,Lakers,1,0,108,42:13,Covid,8000,e6224b33-5a7b-41f3-a80b-32adf544a50c,2020-10-10T01:00:00+00:00,Anthony Davis
2638,2638,LeBron,James,0afbe608-940a-4d5d-a1f7-468718c67d91,F,40,66.7,75.0,66.7,7,13,3,3,1,0,0,4,Lakers,1,0,108,41:51,Covid,8000,e6224b33-5a7b-41f3-a80b-32adf544a50c,2020-10-10T01:00:00+00:00,LeBron James
2653,2653,Jimmy,Butler,0e163d44-67a7-4107-9421-5333600166bb,F,35,100.0,62.5,33.3,11,12,5,5,2,0,1,3,Heat,0,1,111,47:12,Covid,8000,e6224b33-5a7b-41f3-a80b-32adf544a50c,2020-10-10T01:00:00+00:00,Jimmy Butler
2656,2656,Bam,Adebayo,11c303dc-540c-4090-8e0c-76c2fb2c125a,C,13,75.0,41.7,0.0,4,4,1,0,3,0,0,3,Heat,0,1,111,37:55,Covid,8000,e6224b33-5a7b-41f3-a80b-32adf544a50c,2020-10-10T01:00:00+00:00,Bam Adebayo
2670,2670,Bam,Adebayo,11c303dc-540c-4090-8e0c-76c2fb2c125a,C,25,55.6,66.7,0.0,5,10,1,0,2,0,0,2,Heat,1,0,93,42:13,Covid,8000,b56b052b-b341-46c0-916d-16982d80961d,2020-10-11T23:30:00+00:00,Bam Adebayo
2671,2671,Jimmy,Butler,0e163d44-67a7-4107-9421-5333600166bb,F,12,33.3,50.0,50.0,8,7,3,0,3,0,0,2,Heat,1,0,93,44:32,Covid,8000,b56b052b-b341-46c0-916d-16982d80961d,2020-10-11T23:30:00+00:00,Jimmy Butler
2683,2683,LeBron,James,0afbe608-940a-4d5d-a1f7-468718c67d91,F,28,25.0,80.0,20.0,10,14,3,1,3,0,1,1,Lakers,0,1,106,41:13,Covid,8000,b56b052b-b341-46c0-916d-16982d80961d,2020-10-11T23:30:00+00:00,LeBron James
2692,2692,Anthony,Davis,ea8826b8-1f76-4eab-b61e-ffcb176880f3,C,19,71.4,50.0,0.0,3,15,4,1,4,0,0,3,Lakers,0,1,106,35:06,Covid,8000,b56b052b-b341-46c0-916d-16982d80961d,2020-10-11T23:30:00+00:00,Anthony Davis
